name,Route,Source,Dest,Duration,Starting time,Reach Time,Price,Seats,Rating
KAAC TRANSPORT  - 157249,1-Diphu to Guwahati,Diphu Bus Stand,ISBT Guwahati,05h 30m,04:00,09:30,361,7Seats available,4.3112
Kareng Travels,1-Diphu to Guwahati,Diphu Bus Stand,Khanapara,05h 00m,04:30,09:30,361,5Seats available,4.2118
Kareng Travels,1-Diphu to Guwahati,Diphu Bus Stand,Khanapara,06h 00m,10:00,16:00,INR400,22Seats available,4.5210
Kareng Travels,1-Diphu to Guwahati,Diphu Bus Stand,Khanapara,05h 15m,11:30,16:45,INR380,30Seats available,4.1109
KAAC TRANSPORT  - 157249,1-Diphu to Guwahati,Diphu Bus Stand,ISBT Guwahati,05h 30m,04:00,09:30,361,7Seats available,4.3112
Kareng Travels,1-Diphu to Guwahati,Diphu Bus Stand,Khanapara,05h 00m,04:30,09:30,361,5Seats available,4.2118
Kareng Travels,1-Diphu to Guwahati,Diphu Bus Stand,Khanapara,06h 00m,10:00,16:00,INR400,22Seats available,4.5210
Kareng Travels,1-Diphu to Guwahati,Diphu Bus Stand,Khanapara,05h 15m,11:30,16:45,INR380,30Seats available,4.1109
KAAC TRANSPORT  - 157249,1-Diphu to Guwahati,Diphu Bus Stand,ISBT Guwahati,05h 30m,04:00,09:30,361,7Seats available,4.3112
Kareng Travels,1-Diphu to Guwahati,Diphu Bus Stand,Khanapara,05h 00m,04:30,09:30,361,5Seats available,4.2118
Kareng Travels,1-Diphu to Guwahati,Diphu Bus Stand,Khanapara,06h 00m,10:00,16:00,INR400,22Seats available,4.5210
Kareng Travels,1-Diphu to Guwahati,Diphu Bus Stand,Khanapara,05h 15m,11:30,16:45,INR380,30Seats available,4.1109
KAAC TRANSPORT  - 157249,1-Diphu to Guwahati,Diphu Bus Stand,ISBT Guwahati,05h 30m,04:00,09:30,361,7Seats available,4.3112
Kareng Travels,1-Diphu to Guwahati,Diphu Bus Stand,Khanapara,05h 00m,04:30,09:30,361,5Seats available,4.2118
Kareng Travels,1-Diphu to Guwahati,Diphu Bus Stand,Khanapara,06h 00m,10:00,16:00,INR400,22Seats available,4.5210
Kareng Travels,1-Diphu to Guwahati,Diphu Bus Stand,Khanapara,05h 15m,11:30,16:45,INR380,30Seats available,4.1109
KAAC TRANSPORT  - 157249,1-Diphu to Guwahati,Diphu Bus Stand,ISBT Guwahati,05h 30m,04:00,09:30,361,7Seats available,4.3112
Kareng Travels,1-Diphu to Guwahati,Diphu Bus Stand,Khanapara,05h 00m,04:30,09:30,361,5Seats available,4.2118
Kareng Travels,1-Diphu to Guwahati,Diphu Bus Stand,Khanapara,06h 00m,10:00,16:00,INR400,22Seats available,4.5210
Kareng Travels,1-Diphu to Guwahati,Diphu Bus Stand,Khanapara,05h 15m,11:30,16:45,INR380,30Seats available,4.1109
KAAC TRANSPORT  - 157249,1-Diphu to Guwahati,Diphu Bus Stand,ISBT Guwahati,05h 30m,04:00,09:30,361,7Seats available,4.3112
Kareng Travels,1-Diphu to Guwahati,Diphu Bus Stand,Khanapara,05h 00m,04:30,09:30,361,5Seats available,4.2118
Kareng Travels,1-Diphu to Guwahati,Diphu Bus Stand,Khanapara,06h 00m,10:00,16:00,INR400,22Seats available,4.5210
Kareng Travels,1-Diphu to Guwahati,Diphu Bus Stand,Khanapara,05h 15m,11:30,16:45,INR380,30Seats available,4.1109
KAAC TRANSPORT  - 157249,1-Diphu to Guwahati,Diphu Bus Stand,ISBT Guwahati,05h 30m,04:00,09:30,361,7Seats available,4.3112
Kareng Travels,1-Diphu to Guwahati,Diphu Bus Stand,Khanapara,05h 00m,04:30,09:30,361,5Seats available,4.2118
Kareng Travels,1-Diphu to Guwahati,Diphu Bus Stand,Khanapara,06h 00m,10:00,16:00,INR400,22Seats available,4.5210
Kareng Travels,1-Diphu to Guwahati,Diphu Bus Stand,Khanapara,05h 15m,11:30,16:45,INR380,30Seats available,4.1109
KAAC TRANSPORT  - 157249,1-Diphu to Guwahati,Diphu Bus Stand,ISBT Guwahati,05h 30m,04:00,09:30,361,7Seats available,4.3112
Kareng Travels,1-Diphu to Guwahati,Diphu Bus Stand,Khanapara,05h 00m,04:30,09:30,361,5Seats available,4.2118
Kareng Travels,1-Diphu to Guwahati,Diphu Bus Stand,Khanapara,06h 00m,10:00,16:00,INR400,22Seats available,4.5210
Kareng Travels,1-Diphu to Guwahati,Diphu Bus Stand,Khanapara,05h 15m,11:30,16:45,INR380,30Seats available,4.1109
KAAC TRANSPORT  - 157249,1-Diphu to Guwahati,Diphu Bus Stand,ISBT Guwahati,05h 30m,04:00,09:30,361,7Seats available,4.3112
Kareng Travels,1-Diphu to Guwahati,Diphu Bus Stand,Khanapara,05h 00m,04:30,09:30,361,5Seats available,4.2118
Kareng Travels,1-Diphu to Guwahati,Diphu Bus Stand,Khanapara,06h 00m,10:00,16:00,INR400,22Seats available,4.5210
Kareng Travels,1-Diphu to Guwahati,Diphu Bus Stand,Khanapara,05h 15m,11:30,16:45,INR380,30Seats available,4.1109
KAAC TRANSPORT  - 157249,1-Diphu to Guwahati,Diphu Bus Stand,ISBT Guwahati,05h 30m,04:00,09:30,361,7Seats available,4.3112
Kareng Travels,1-Diphu to Guwahati,Diphu Bus Stand,Khanapara,05h 00m,04:30,09:30,361,5Seats available,4.2118
Kareng Travels,1-Diphu to Guwahati,Diphu Bus Stand,Khanapara,06h 00m,10:00,16:00,INR400,22Seats available,4.5210
Kareng Travels,1-Diphu to Guwahati,Diphu Bus Stand,Khanapara,05h 15m,11:30,16:45,INR380,30Seats available,4.1109
KAAC TRANSPORT  - 157249,1-Diphu to Guwahati,Diphu Bus Stand,ISBT Guwahati,05h 30m,04:00,09:30,361,7Seats available,4.3112
Kareng Travels,1-Diphu to Guwahati,Diphu Bus Stand,Khanapara,05h 00m,04:30,09:30,361,5Seats available,4.2118
Kareng Travels,1-Diphu to Guwahati,Diphu Bus Stand,Khanapara,06h 00m,10:00,16:00,INR400,22Seats available,4.5210
Kareng Travels,1-Diphu to Guwahati,Diphu Bus Stand,Khanapara,05h 15m,11:30,16:45,INR380,30Seats available,4.1109
KAAC TRANSPORT  - 157249,1-Diphu to Guwahati,Diphu Bus Stand,ISBT Guwahati,05h 30m,04:00,09:30,361,7Seats available,4.3112
Kareng Travels,1-Diphu to Guwahati,Diphu Bus Stand,Khanapara,05h 00m,04:30,09:30,361,5Seats available,4.2118
Kareng Travels,1-Diphu to Guwahati,Diphu Bus Stand,Khanapara,06h 00m,10:00,16:00,INR400,22Seats available,4.5210
Kareng Travels,1-Diphu to Guwahati,Diphu Bus Stand,Khanapara,05h 15m,11:30,16:45,INR380,30Seats available,4.1109
KAAC TRANSPORT  - 157249,1-Diphu to Guwahati,Diphu Bus Stand,ISBT Guwahati,05h 30m,04:00,09:30,361,7Seats available,4.3112
Kareng Travels,1-Diphu to Guwahati,Diphu Bus Stand,Khanapara,05h 00m,04:30,09:30,361,5Seats available,4.2118
Kareng Travels,1-Diphu to Guwahati,Diphu Bus Stand,Khanapara,06h 00m,10:00,16:00,INR400,22Seats available,4.5210
Kareng Travels,1-Diphu to Guwahati,Diphu Bus Stand,Khanapara,05h 15m,11:30,16:45,INR380,30Seats available,4.1109
KAAC TRANSPORT  - 157249,1-Diphu to Guwahati,Diphu Bus Stand,ISBT Guwahati,05h 30m,04:00,09:30,361,7Seats available,4.3112
Kareng Travels,1-Diphu to Guwahati,Diphu Bus Stand,Khanapara,05h 00m,04:30,09:30,361,5Seats available,4.2118
Kareng Travels,1-Diphu to Guwahati,Diphu Bus Stand,Khanapara,06h 00m,10:00,16:00,INR400,22Seats available,4.5210
Kareng Travels,1-Diphu to Guwahati,Diphu Bus Stand,Khanapara,05h 15m,11:30,16:45,INR380,30Seats available,4.1109
KAAC TRANSPORT  - 157249,1-Diphu to Guwahati,Diphu Bus Stand,ISBT Guwahati,05h 30m,04:00,09:30,361,7Seats available,4.3112
Kareng Travels,1-Diphu to Guwahati,Diphu Bus Stand,Khanapara,05h 00m,04:30,09:30,361,5Seats available,4.2118
Kareng Travels,1-Diphu to Guwahati,Diphu Bus Stand,Khanapara,06h 00m,10:00,16:00,INR400,22Seats available,4.5210
Kareng Travels,1-Diphu to Guwahati,Diphu Bus Stand,Khanapara,05h 15m,11:30,16:45,INR380,30Seats available,4.1109
KAAC TRANSPORT  - 157249,1-Diphu to Guwahati,Diphu Bus Stand,ISBT Guwahati,05h 30m,04:00,09:30,361,7Seats available,4.3112
Kareng Travels,1-Diphu to Guwahati,Diphu Bus Stand,Khanapara,05h 00m,04:30,09:30,361,5Seats available,4.2118
Kareng Travels,1-Diphu to Guwahati,Diphu Bus Stand,Khanapara,06h 00m,10:00,16:00,INR400,22Seats available,4.5210
Kareng Travels,1-Diphu to Guwahati,Diphu Bus Stand,Khanapara,05h 15m,11:30,16:45,INR380,30Seats available,4.1109
name,Route,Source,Dest,Duration,Starting time,Reach Time,Price,Seats,Rating
KAAC TRANSPORT  - 157250,1-Guwahati to Diphu,ISBT Guwahati,Diphu Bus Stand,06h 15m,11:30,17:45,361,38Seats available,4.769
Kareng Travels,1-Guwahati to Diphu,ISBT Guwahati,Diphu Bus Stand,06h 00m,05:00,11:00,INR380,29Seats available,4.0119
Kareng Travels,1-Guwahati to Diphu,ISBT Guwahati,Diphu Bus Stand,06h 45m,09:30,16:15,INR400,18Seats available,4.2226
Kareng Travels,1-Guwahati to Diphu,ISBT Guwahati,Diphu Bus Stand,06h 45m,11:45,18:30,361,30Seats available,4.4111
KAAC TRANSPORT  - 157250,1-Guwahati to Diphu,ISBT Guwahati,Diphu Bus Stand,06h 15m,11:30,17:45,361,38Seats available,4.769
Kareng Travels,1-Guwahati to Diphu,ISBT Guwahati,Diphu Bus Stand,06h 00m,05:00,11:00,INR380,29Seats available,4.0119
Kareng Travels,1-Guwahati to Diphu,ISBT Guwahati,Diphu Bus Stand,06h 45m,09:30,16:15,INR400,18Seats available,4.2226
Kareng Travels,1-Guwahati to Diphu,ISBT Guwahati,Diphu Bus Stand,06h 45m,11:45,18:30,361,30Seats available,4.4111
KAAC TRANSPORT  - 157250,1-Guwahati to Diphu,ISBT Guwahati,Diphu Bus Stand,06h 15m,11:30,17:45,361,38Seats available,4.769
Kareng Travels,1-Guwahati to Diphu,ISBT Guwahati,Diphu Bus Stand,06h 00m,05:00,11:00,INR380,29Seats available,4.0119
Kareng Travels,1-Guwahati to Diphu,ISBT Guwahati,Diphu Bus Stand,06h 45m,09:30,16:15,INR400,18Seats available,4.2226
Kareng Travels,1-Guwahati to Diphu,ISBT Guwahati,Diphu Bus Stand,06h 45m,11:45,18:30,361,30Seats available,4.4111
KAAC TRANSPORT  - 157250,1-Guwahati to Diphu,ISBT Guwahati,Diphu Bus Stand,06h 15m,11:30,17:45,361,38Seats available,4.769
Kareng Travels,1-Guwahati to Diphu,ISBT Guwahati,Diphu Bus Stand,06h 00m,05:00,11:00,INR380,29Seats available,4.0119
Kareng Travels,1-Guwahati to Diphu,ISBT Guwahati,Diphu Bus Stand,06h 45m,09:30,16:15,INR400,18Seats available,4.2226
Kareng Travels,1-Guwahati to Diphu,ISBT Guwahati,Diphu Bus Stand,06h 45m,11:45,18:30,361,30Seats available,4.4111
KAAC TRANSPORT  - 157250,1-Guwahati to Diphu,ISBT Guwahati,Diphu Bus Stand,06h 15m,11:30,17:45,361,38Seats available,4.769
Kareng Travels,1-Guwahati to Diphu,ISBT Guwahati,Diphu Bus Stand,06h 00m,05:00,11:00,INR380,29Seats available,4.0119
Kareng Travels,1-Guwahati to Diphu,ISBT Guwahati,Diphu Bus Stand,06h 45m,09:30,16:15,INR400,18Seats available,4.2226
Kareng Travels,1-Guwahati to Diphu,ISBT Guwahati,Diphu Bus Stand,06h 45m,11:45,18:30,361,30Seats available,4.4111
KAAC TRANSPORT  - 157250,1-Guwahati to Diphu,ISBT Guwahati,Diphu Bus Stand,06h 15m,11:30,17:45,361,38Seats available,4.769
Kareng Travels,1-Guwahati to Diphu,ISBT Guwahati,Diphu Bus Stand,06h 00m,05:00,11:00,INR380,29Seats available,4.0119
Kareng Travels,1-Guwahati to Diphu,ISBT Guwahati,Diphu Bus Stand,06h 45m,09:30,16:15,INR400,18Seats available,4.2226
Kareng Travels,1-Guwahati to Diphu,ISBT Guwahati,Diphu Bus Stand,06h 45m,11:45,18:30,361,30Seats available,4.4111
KAAC TRANSPORT  - 157250,1-Guwahati to Diphu,ISBT Guwahati,Diphu Bus Stand,06h 15m,11:30,17:45,361,38Seats available,4.769
Kareng Travels,1-Guwahati to Diphu,ISBT Guwahati,Diphu Bus Stand,06h 00m,05:00,11:00,INR380,29Seats available,4.0119
Kareng Travels,1-Guwahati to Diphu,ISBT Guwahati,Diphu Bus Stand,06h 45m,09:30,16:15,INR400,18Seats available,4.2226
Kareng Travels,1-Guwahati to Diphu,ISBT Guwahati,Diphu Bus Stand,06h 45m,11:45,18:30,361,30Seats available,4.4111
KAAC TRANSPORT  - 157250,1-Guwahati to Diphu,ISBT Guwahati,Diphu Bus Stand,06h 15m,11:30,17:45,361,38Seats available,4.769
Kareng Travels,1-Guwahati to Diphu,ISBT Guwahati,Diphu Bus Stand,06h 00m,05:00,11:00,INR380,29Seats available,4.0119
Kareng Travels,1-Guwahati to Diphu,ISBT Guwahati,Diphu Bus Stand,06h 45m,09:30,16:15,INR400,18Seats available,4.2226
Kareng Travels,1-Guwahati to Diphu,ISBT Guwahati,Diphu Bus Stand,06h 45m,11:45,18:30,361,30Seats available,4.4111
KAAC TRANSPORT  - 157250,1-Guwahati to Diphu,ISBT Guwahati,Diphu Bus Stand,06h 15m,11:30,17:45,361,38Seats available,4.769
Kareng Travels,1-Guwahati to Diphu,ISBT Guwahati,Diphu Bus Stand,06h 00m,05:00,11:00,INR380,29Seats available,4.0119
Kareng Travels,1-Guwahati to Diphu,ISBT Guwahati,Diphu Bus Stand,06h 45m,09:30,16:15,INR400,18Seats available,4.2226
Kareng Travels,1-Guwahati to Diphu,ISBT Guwahati,Diphu Bus Stand,06h 45m,11:45,18:30,361,30Seats available,4.4111
KAAC TRANSPORT  - 157250,1-Guwahati to Diphu,ISBT Guwahati,Diphu Bus Stand,06h 15m,11:30,17:45,361,38Seats available,4.769
Kareng Travels,1-Guwahati to Diphu,ISBT Guwahati,Diphu Bus Stand,06h 00m,05:00,11:00,INR380,29Seats available,4.0119
Kareng Travels,1-Guwahati to Diphu,ISBT Guwahati,Diphu Bus Stand,06h 45m,09:30,16:15,INR400,18Seats available,4.2226
Kareng Travels,1-Guwahati to Diphu,ISBT Guwahati,Diphu Bus Stand,06h 45m,11:45,18:30,361,30Seats available,4.4111
KAAC TRANSPORT  - 157250,1-Guwahati to Diphu,ISBT Guwahati,Diphu Bus Stand,06h 15m,11:30,17:45,361,38Seats available,4.769
Kareng Travels,1-Guwahati to Diphu,ISBT Guwahati,Diphu Bus Stand,06h 00m,05:00,11:00,INR380,29Seats available,4.0119
Kareng Travels,1-Guwahati to Diphu,ISBT Guwahati,Diphu Bus Stand,06h 45m,09:30,16:15,INR400,18Seats available,4.2226
Kareng Travels,1-Guwahati to Diphu,ISBT Guwahati,Diphu Bus Stand,06h 45m,11:45,18:30,361,30Seats available,4.4111
KAAC TRANSPORT  - 157250,1-Guwahati to Diphu,ISBT Guwahati,Diphu Bus Stand,06h 15m,11:30,17:45,361,38Seats available,4.769
Kareng Travels,1-Guwahati to Diphu,ISBT Guwahati,Diphu Bus Stand,06h 00m,05:00,11:00,INR380,29Seats available,4.0119
Kareng Travels,1-Guwahati to Diphu,ISBT Guwahati,Diphu Bus Stand,06h 45m,09:30,16:15,INR400,18Seats available,4.2226
Kareng Travels,1-Guwahati to Diphu,ISBT Guwahati,Diphu Bus Stand,06h 45m,11:45,18:30,361,30Seats available,4.4111
KAAC TRANSPORT  - 157250,1-Guwahati to Diphu,ISBT Guwahati,Diphu Bus Stand,06h 15m,11:30,17:45,361,38Seats available,4.769
Kareng Travels,1-Guwahati to Diphu,ISBT Guwahati,Diphu Bus Stand,06h 00m,05:00,11:00,INR380,29Seats available,4.0119
Kareng Travels,1-Guwahati to Diphu,ISBT Guwahati,Diphu Bus Stand,06h 45m,09:30,16:15,INR400,18Seats available,4.2226
Kareng Travels,1-Guwahati to Diphu,ISBT Guwahati,Diphu Bus Stand,06h 45m,11:45,18:30,361,30Seats available,4.4111
KAAC TRANSPORT  - 157250,1-Guwahati to Diphu,ISBT Guwahati,Diphu Bus Stand,06h 15m,11:30,17:45,361,38Seats available,4.769
Kareng Travels,1-Guwahati to Diphu,ISBT Guwahati,Diphu Bus Stand,06h 00m,05:00,11:00,INR380,29Seats available,4.0119
Kareng Travels,1-Guwahati to Diphu,ISBT Guwahati,Diphu Bus Stand,06h 45m,09:30,16:15,INR400,18Seats available,4.2226
Kareng Travels,1-Guwahati to Diphu,ISBT Guwahati,Diphu Bus Stand,06h 45m,11:45,18:30,361,30Seats available,4.4111
KAAC TRANSPORT  - 157250,1-Guwahati to Diphu,ISBT Guwahati,Diphu Bus Stand,06h 15m,11:30,17:45,361,38Seats available,4.769
Kareng Travels,1-Guwahati to Diphu,ISBT Guwahati,Diphu Bus Stand,06h 00m,05:00,11:00,INR380,29Seats available,4.0119
Kareng Travels,1-Guwahati to Diphu,ISBT Guwahati,Diphu Bus Stand,06h 45m,09:30,16:15,INR400,18Seats available,4.2226
Kareng Travels,1-Guwahati to Diphu,ISBT Guwahati,Diphu Bus Stand,06h 45m,11:45,18:30,361,30Seats available,4.4111
KAAC TRANSPORT  - 157250,1-Guwahati to Diphu,ISBT Guwahati,Diphu Bus Stand,06h 15m,11:30,17:45,361,38Seats available,4.769
Kareng Travels,1-Guwahati to Diphu,ISBT Guwahati,Diphu Bus Stand,06h 00m,05:00,11:00,INR380,29Seats available,4.0119
Kareng Travels,1-Guwahati to Diphu,ISBT Guwahati,Diphu Bus Stand,06h 45m,09:30,16:15,INR400,18Seats available,4.2226
Kareng Travels,1-Guwahati to Diphu,ISBT Guwahati,Diphu Bus Stand,06h 45m,11:45,18:30,361,30Seats available,4.4111
name,Route,Source,Dest,Duration,Starting time,Reach Time,Price,Seats,Rating
KAAC TRANSPORT  - 157249,1-Bokolia (assam) to Guwahati,Bokolia Bus Stand,ISBT Guwahati,04h 30m,05:00,09:30,INR299,7Seats available,3.741
Kareng Travels,1-Bokolia (assam) to Guwahati,Bokolia Bus Stand,Khanapara,04h 45m,11:15,16:00,INR300,22Seats available,4.585
Kareng Travels,1-Bokolia (assam) to Guwahati,Bokolia Bus Stand,Khanapara,04h 00m,05:30,09:30,285,5Seats available,4.273
Kareng Travels,1-Bokolia (assam) to Guwahati,Bokolia Bus Stand,Khanapara,04h 15m,12:30,16:45,INR300,31Seats available,3.961
KAAC TRANSPORT  - 157249,1-Bokolia (assam) to Guwahati,Bokolia Bus Stand,ISBT Guwahati,04h 30m,05:00,09:30,INR299,7Seats available,3.741
Kareng Travels,1-Bokolia (assam) to Guwahati,Bokolia Bus Stand,Khanapara,04h 45m,11:15,16:00,INR300,22Seats available,4.585
Kareng Travels,1-Bokolia (assam) to Guwahati,Bokolia Bus Stand,Khanapara,04h 00m,05:30,09:30,285,5Seats available,4.273
Kareng Travels,1-Bokolia (assam) to Guwahati,Bokolia Bus Stand,Khanapara,04h 15m,12:30,16:45,INR300,31Seats available,3.961
KAAC TRANSPORT  - 157249,1-Bokolia (assam) to Guwahati,Bokolia Bus Stand,ISBT Guwahati,04h 30m,05:00,09:30,INR299,7Seats available,3.741
Kareng Travels,1-Bokolia (assam) to Guwahati,Bokolia Bus Stand,Khanapara,04h 45m,11:15,16:00,INR300,22Seats available,4.585
Kareng Travels,1-Bokolia (assam) to Guwahati,Bokolia Bus Stand,Khanapara,04h 00m,05:30,09:30,285,5Seats available,4.273
Kareng Travels,1-Bokolia (assam) to Guwahati,Bokolia Bus Stand,Khanapara,04h 15m,12:30,16:45,INR300,31Seats available,3.961
KAAC TRANSPORT  - 157249,1-Bokolia (assam) to Guwahati,Bokolia Bus Stand,ISBT Guwahati,04h 30m,05:00,09:30,INR299,7Seats available,3.741
Kareng Travels,1-Bokolia (assam) to Guwahati,Bokolia Bus Stand,Khanapara,04h 45m,11:15,16:00,INR300,22Seats available,4.585
Kareng Travels,1-Bokolia (assam) to Guwahati,Bokolia Bus Stand,Khanapara,04h 00m,05:30,09:30,285,5Seats available,4.273
Kareng Travels,1-Bokolia (assam) to Guwahati,Bokolia Bus Stand,Khanapara,04h 15m,12:30,16:45,INR300,31Seats available,3.961
KAAC TRANSPORT  - 157249,1-Bokolia (assam) to Guwahati,Bokolia Bus Stand,ISBT Guwahati,04h 30m,05:00,09:30,INR299,7Seats available,3.741
Kareng Travels,1-Bokolia (assam) to Guwahati,Bokolia Bus Stand,Khanapara,04h 45m,11:15,16:00,INR300,22Seats available,4.585
Kareng Travels,1-Bokolia (assam) to Guwahati,Bokolia Bus Stand,Khanapara,04h 00m,05:30,09:30,285,5Seats available,4.273
Kareng Travels,1-Bokolia (assam) to Guwahati,Bokolia Bus Stand,Khanapara,04h 15m,12:30,16:45,INR300,31Seats available,3.961
KAAC TRANSPORT  - 157249,1-Bokolia (assam) to Guwahati,Bokolia Bus Stand,ISBT Guwahati,04h 30m,05:00,09:30,INR299,7Seats available,3.741
Kareng Travels,1-Bokolia (assam) to Guwahati,Bokolia Bus Stand,Khanapara,04h 45m,11:15,16:00,INR300,22Seats available,4.585
Kareng Travels,1-Bokolia (assam) to Guwahati,Bokolia Bus Stand,Khanapara,04h 00m,05:30,09:30,285,5Seats available,4.273
Kareng Travels,1-Bokolia (assam) to Guwahati,Bokolia Bus Stand,Khanapara,04h 15m,12:30,16:45,INR300,31Seats available,3.961
KAAC TRANSPORT  - 157249,1-Bokolia (assam) to Guwahati,Bokolia Bus Stand,ISBT Guwahati,04h 30m,05:00,09:30,INR299,7Seats available,3.741
Kareng Travels,1-Bokolia (assam) to Guwahati,Bokolia Bus Stand,Khanapara,04h 45m,11:15,16:00,INR300,22Seats available,4.585
Kareng Travels,1-Bokolia (assam) to Guwahati,Bokolia Bus Stand,Khanapara,04h 00m,05:30,09:30,285,5Seats available,4.273
Kareng Travels,1-Bokolia (assam) to Guwahati,Bokolia Bus Stand,Khanapara,04h 15m,12:30,16:45,INR300,31Seats available,3.961
KAAC TRANSPORT  - 157249,1-Bokolia (assam) to Guwahati,Bokolia Bus Stand,ISBT Guwahati,04h 30m,05:00,09:30,INR299,7Seats available,3.741
Kareng Travels,1-Bokolia (assam) to Guwahati,Bokolia Bus Stand,Khanapara,04h 45m,11:15,16:00,INR300,22Seats available,4.585
Kareng Travels,1-Bokolia (assam) to Guwahati,Bokolia Bus Stand,Khanapara,04h 00m,05:30,09:30,285,5Seats available,4.273
Kareng Travels,1-Bokolia (assam) to Guwahati,Bokolia Bus Stand,Khanapara,04h 15m,12:30,16:45,INR300,31Seats available,3.961
KAAC TRANSPORT  - 157249,1-Bokolia (assam) to Guwahati,Bokolia Bus Stand,ISBT Guwahati,04h 30m,05:00,09:30,INR299,7Seats available,3.741
Kareng Travels,1-Bokolia (assam) to Guwahati,Bokolia Bus Stand,Khanapara,04h 45m,11:15,16:00,INR300,22Seats available,4.585
Kareng Travels,1-Bokolia (assam) to Guwahati,Bokolia Bus Stand,Khanapara,04h 00m,05:30,09:30,285,5Seats available,4.273
Kareng Travels,1-Bokolia (assam) to Guwahati,Bokolia Bus Stand,Khanapara,04h 15m,12:30,16:45,INR300,31Seats available,3.961
KAAC TRANSPORT  - 157249,1-Bokolia (assam) to Guwahati,Bokolia Bus Stand,ISBT Guwahati,04h 30m,05:00,09:30,INR299,7Seats available,3.741
Kareng Travels,1-Bokolia (assam) to Guwahati,Bokolia Bus Stand,Khanapara,04h 45m,11:15,16:00,INR300,22Seats available,4.585
Kareng Travels,1-Bokolia (assam) to Guwahati,Bokolia Bus Stand,Khanapara,04h 00m,05:30,09:30,285,5Seats available,4.273
Kareng Travels,1-Bokolia (assam) to Guwahati,Bokolia Bus Stand,Khanapara,04h 15m,12:30,16:45,INR300,31Seats available,3.961
KAAC TRANSPORT  - 157249,1-Bokolia (assam) to Guwahati,Bokolia Bus Stand,ISBT Guwahati,04h 30m,05:00,09:30,INR299,7Seats available,3.741
Kareng Travels,1-Bokolia (assam) to Guwahati,Bokolia Bus Stand,Khanapara,04h 45m,11:15,16:00,INR300,22Seats available,4.585
Kareng Travels,1-Bokolia (assam) to Guwahati,Bokolia Bus Stand,Khanapara,04h 00m,05:30,09:30,285,5Seats available,4.273
Kareng Travels,1-Bokolia (assam) to Guwahati,Bokolia Bus Stand,Khanapara,04h 15m,12:30,16:45,INR300,31Seats available,3.961
KAAC TRANSPORT  - 157249,1-Bokolia (assam) to Guwahati,Bokolia Bus Stand,ISBT Guwahati,04h 30m,05:00,09:30,INR299,7Seats available,3.741
Kareng Travels,1-Bokolia (assam) to Guwahati,Bokolia Bus Stand,Khanapara,04h 45m,11:15,16:00,INR300,22Seats available,4.585
Kareng Travels,1-Bokolia (assam) to Guwahati,Bokolia Bus Stand,Khanapara,04h 00m,05:30,09:30,285,5Seats available,4.273
Kareng Travels,1-Bokolia (assam) to Guwahati,Bokolia Bus Stand,Khanapara,04h 15m,12:30,16:45,INR300,31Seats available,3.961
KAAC TRANSPORT  - 157249,1-Bokolia (assam) to Guwahati,Bokolia Bus Stand,ISBT Guwahati,04h 30m,05:00,09:30,INR299,7Seats available,3.741
Kareng Travels,1-Bokolia (assam) to Guwahati,Bokolia Bus Stand,Khanapara,04h 45m,11:15,16:00,INR300,22Seats available,4.585
Kareng Travels,1-Bokolia (assam) to Guwahati,Bokolia Bus Stand,Khanapara,04h 00m,05:30,09:30,285,5Seats available,4.273
Kareng Travels,1-Bokolia (assam) to Guwahati,Bokolia Bus Stand,Khanapara,04h 15m,12:30,16:45,INR300,31Seats available,3.961
KAAC TRANSPORT  - 157249,1-Bokolia (assam) to Guwahati,Bokolia Bus Stand,ISBT Guwahati,04h 30m,05:00,09:30,INR299,7Seats available,3.741
Kareng Travels,1-Bokolia (assam) to Guwahati,Bokolia Bus Stand,Khanapara,04h 45m,11:15,16:00,INR300,22Seats available,4.585
Kareng Travels,1-Bokolia (assam) to Guwahati,Bokolia Bus Stand,Khanapara,04h 00m,05:30,09:30,285,5Seats available,4.273
Kareng Travels,1-Bokolia (assam) to Guwahati,Bokolia Bus Stand,Khanapara,04h 15m,12:30,16:45,INR300,31Seats available,3.961
KAAC TRANSPORT  - 157249,1-Bokolia (assam) to Guwahati,Bokolia Bus Stand,ISBT Guwahati,04h 30m,05:00,09:30,INR299,7Seats available,3.741
Kareng Travels,1-Bokolia (assam) to Guwahati,Bokolia Bus Stand,Khanapara,04h 45m,11:15,16:00,INR300,22Seats available,4.585
Kareng Travels,1-Bokolia (assam) to Guwahati,Bokolia Bus Stand,Khanapara,04h 00m,05:30,09:30,285,5Seats available,4.273
Kareng Travels,1-Bokolia (assam) to Guwahati,Bokolia Bus Stand,Khanapara,04h 15m,12:30,16:45,INR300,31Seats available,3.961
KAAC TRANSPORT  - 157249,1-Bokolia (assam) to Guwahati,Bokolia Bus Stand,ISBT Guwahati,04h 30m,05:00,09:30,INR299,7Seats available,3.741
Kareng Travels,1-Bokolia (assam) to Guwahati,Bokolia Bus Stand,Khanapara,04h 45m,11:15,16:00,INR300,22Seats available,4.585
Kareng Travels,1-Bokolia (assam) to Guwahati,Bokolia Bus Stand,Khanapara,04h 00m,05:30,09:30,285,5Seats available,4.273
Kareng Travels,1-Bokolia (assam) to Guwahati,Bokolia Bus Stand,Khanapara,04h 15m,12:30,16:45,INR300,31Seats available,3.961
name,Route,Source,Dest,Duration,Starting time,Reach Time,Price,Seats,Rating
KAAC TRANSPORT  - 157249,1-Dokmoka to Guwahati,Dokmoka Bus Stand,ISBT Guwahati,03h 45m,05:45,09:30,INR250,7Seats available,4.255
Kareng Travels,1-Dokmoka to Guwahati,Dokmoka Bus Stand,Khanapara,03h 30m,06:00,09:30,266,5Seats available,3.440
Kareng Travels,1-Dokmoka to Guwahati,Dokmoka Bus Stand,Khanapara,04h 15m,11:45,16:00,INR300,22Seats available,4.448
Kareng Travels,1-Dokmoka to Guwahati,Dokmoka Bus Stand,Khanapara,03h 45m,13:00,16:45,INR280,30Seats available,4.266
KAAC TRANSPORT  - 157249,1-Dokmoka to Guwahati,Dokmoka Bus Stand,ISBT Guwahati,03h 45m,05:45,09:30,INR250,7Seats available,4.255
Kareng Travels,1-Dokmoka to Guwahati,Dokmoka Bus Stand,Khanapara,03h 30m,06:00,09:30,266,5Seats available,3.440
Kareng Travels,1-Dokmoka to Guwahati,Dokmoka Bus Stand,Khanapara,04h 15m,11:45,16:00,INR300,22Seats available,4.448
Kareng Travels,1-Dokmoka to Guwahati,Dokmoka Bus Stand,Khanapara,03h 45m,13:00,16:45,INR280,30Seats available,4.266
KAAC TRANSPORT  - 157249,1-Dokmoka to Guwahati,Dokmoka Bus Stand,ISBT Guwahati,03h 45m,05:45,09:30,INR250,7Seats available,4.255
Kareng Travels,1-Dokmoka to Guwahati,Dokmoka Bus Stand,Khanapara,03h 30m,06:00,09:30,266,5Seats available,3.440
Kareng Travels,1-Dokmoka to Guwahati,Dokmoka Bus Stand,Khanapara,04h 15m,11:45,16:00,INR300,22Seats available,4.448
Kareng Travels,1-Dokmoka to Guwahati,Dokmoka Bus Stand,Khanapara,03h 45m,13:00,16:45,INR280,30Seats available,4.266
KAAC TRANSPORT  - 157249,1-Dokmoka to Guwahati,Dokmoka Bus Stand,ISBT Guwahati,03h 45m,05:45,09:30,INR250,7Seats available,4.255
Kareng Travels,1-Dokmoka to Guwahati,Dokmoka Bus Stand,Khanapara,03h 30m,06:00,09:30,266,5Seats available,3.440
Kareng Travels,1-Dokmoka to Guwahati,Dokmoka Bus Stand,Khanapara,04h 15m,11:45,16:00,INR300,22Seats available,4.448
Kareng Travels,1-Dokmoka to Guwahati,Dokmoka Bus Stand,Khanapara,03h 45m,13:00,16:45,INR280,30Seats available,4.266
KAAC TRANSPORT  - 157249,1-Dokmoka to Guwahati,Dokmoka Bus Stand,ISBT Guwahati,03h 45m,05:45,09:30,INR250,7Seats available,4.255
Kareng Travels,1-Dokmoka to Guwahati,Dokmoka Bus Stand,Khanapara,03h 30m,06:00,09:30,266,5Seats available,3.440
Kareng Travels,1-Dokmoka to Guwahati,Dokmoka Bus Stand,Khanapara,04h 15m,11:45,16:00,INR300,22Seats available,4.448
Kareng Travels,1-Dokmoka to Guwahati,Dokmoka Bus Stand,Khanapara,03h 45m,13:00,16:45,INR280,30Seats available,4.266
KAAC TRANSPORT  - 157249,1-Dokmoka to Guwahati,Dokmoka Bus Stand,ISBT Guwahati,03h 45m,05:45,09:30,INR250,7Seats available,4.255
Kareng Travels,1-Dokmoka to Guwahati,Dokmoka Bus Stand,Khanapara,03h 30m,06:00,09:30,266,5Seats available,3.440
Kareng Travels,1-Dokmoka to Guwahati,Dokmoka Bus Stand,Khanapara,04h 15m,11:45,16:00,INR300,22Seats available,4.448
Kareng Travels,1-Dokmoka to Guwahati,Dokmoka Bus Stand,Khanapara,03h 45m,13:00,16:45,INR280,30Seats available,4.266
KAAC TRANSPORT  - 157249,1-Dokmoka to Guwahati,Dokmoka Bus Stand,ISBT Guwahati,03h 45m,05:45,09:30,INR250,7Seats available,4.255
Kareng Travels,1-Dokmoka to Guwahati,Dokmoka Bus Stand,Khanapara,03h 30m,06:00,09:30,266,5Seats available,3.440
Kareng Travels,1-Dokmoka to Guwahati,Dokmoka Bus Stand,Khanapara,04h 15m,11:45,16:00,INR300,22Seats available,4.448
Kareng Travels,1-Dokmoka to Guwahati,Dokmoka Bus Stand,Khanapara,03h 45m,13:00,16:45,INR280,30Seats available,4.266
KAAC TRANSPORT  - 157249,1-Dokmoka to Guwahati,Dokmoka Bus Stand,ISBT Guwahati,03h 45m,05:45,09:30,INR250,7Seats available,4.255
Kareng Travels,1-Dokmoka to Guwahati,Dokmoka Bus Stand,Khanapara,03h 30m,06:00,09:30,266,5Seats available,3.440
Kareng Travels,1-Dokmoka to Guwahati,Dokmoka Bus Stand,Khanapara,04h 15m,11:45,16:00,INR300,22Seats available,4.448
Kareng Travels,1-Dokmoka to Guwahati,Dokmoka Bus Stand,Khanapara,03h 45m,13:00,16:45,INR280,30Seats available,4.266
KAAC TRANSPORT  - 157249,1-Dokmoka to Guwahati,Dokmoka Bus Stand,ISBT Guwahati,03h 45m,05:45,09:30,INR250,7Seats available,4.255
Kareng Travels,1-Dokmoka to Guwahati,Dokmoka Bus Stand,Khanapara,03h 30m,06:00,09:30,266,5Seats available,3.440
Kareng Travels,1-Dokmoka to Guwahati,Dokmoka Bus Stand,Khanapara,04h 15m,11:45,16:00,INR300,22Seats available,4.448
Kareng Travels,1-Dokmoka to Guwahati,Dokmoka Bus Stand,Khanapara,03h 45m,13:00,16:45,INR280,30Seats available,4.266
KAAC TRANSPORT  - 157249,1-Dokmoka to Guwahati,Dokmoka Bus Stand,ISBT Guwahati,03h 45m,05:45,09:30,INR250,7Seats available,4.255
Kareng Travels,1-Dokmoka to Guwahati,Dokmoka Bus Stand,Khanapara,03h 30m,06:00,09:30,266,5Seats available,3.440
Kareng Travels,1-Dokmoka to Guwahati,Dokmoka Bus Stand,Khanapara,04h 15m,11:45,16:00,INR300,22Seats available,4.448
Kareng Travels,1-Dokmoka to Guwahati,Dokmoka Bus Stand,Khanapara,03h 45m,13:00,16:45,INR280,30Seats available,4.266
KAAC TRANSPORT  - 157249,1-Dokmoka to Guwahati,Dokmoka Bus Stand,ISBT Guwahati,03h 45m,05:45,09:30,INR250,7Seats available,4.255
Kareng Travels,1-Dokmoka to Guwahati,Dokmoka Bus Stand,Khanapara,03h 30m,06:00,09:30,266,5Seats available,3.440
Kareng Travels,1-Dokmoka to Guwahati,Dokmoka Bus Stand,Khanapara,04h 15m,11:45,16:00,INR300,22Seats available,4.448
Kareng Travels,1-Dokmoka to Guwahati,Dokmoka Bus Stand,Khanapara,03h 45m,13:00,16:45,INR280,30Seats available,4.266
KAAC TRANSPORT  - 157249,1-Dokmoka to Guwahati,Dokmoka Bus Stand,ISBT Guwahati,03h 45m,05:45,09:30,INR250,7Seats available,4.255
Kareng Travels,1-Dokmoka to Guwahati,Dokmoka Bus Stand,Khanapara,03h 30m,06:00,09:30,266,5Seats available,3.440
Kareng Travels,1-Dokmoka to Guwahati,Dokmoka Bus Stand,Khanapara,04h 15m,11:45,16:00,INR300,22Seats available,4.448
Kareng Travels,1-Dokmoka to Guwahati,Dokmoka Bus Stand,Khanapara,03h 45m,13:00,16:45,INR280,30Seats available,4.266
KAAC TRANSPORT  - 157249,1-Dokmoka to Guwahati,Dokmoka Bus Stand,ISBT Guwahati,03h 45m,05:45,09:30,INR250,7Seats available,4.255
Kareng Travels,1-Dokmoka to Guwahati,Dokmoka Bus Stand,Khanapara,03h 30m,06:00,09:30,266,5Seats available,3.440
Kareng Travels,1-Dokmoka to Guwahati,Dokmoka Bus Stand,Khanapara,04h 15m,11:45,16:00,INR300,22Seats available,4.448
Kareng Travels,1-Dokmoka to Guwahati,Dokmoka Bus Stand,Khanapara,03h 45m,13:00,16:45,INR280,30Seats available,4.266
KAAC TRANSPORT  - 157249,1-Dokmoka to Guwahati,Dokmoka Bus Stand,ISBT Guwahati,03h 45m,05:45,09:30,INR250,7Seats available,4.255
Kareng Travels,1-Dokmoka to Guwahati,Dokmoka Bus Stand,Khanapara,03h 30m,06:00,09:30,266,5Seats available,3.440
Kareng Travels,1-Dokmoka to Guwahati,Dokmoka Bus Stand,Khanapara,04h 15m,11:45,16:00,INR300,22Seats available,4.448
Kareng Travels,1-Dokmoka to Guwahati,Dokmoka Bus Stand,Khanapara,03h 45m,13:00,16:45,INR280,30Seats available,4.266
KAAC TRANSPORT  - 157249,1-Dokmoka to Guwahati,Dokmoka Bus Stand,ISBT Guwahati,03h 45m,05:45,09:30,INR250,7Seats available,4.255
Kareng Travels,1-Dokmoka to Guwahati,Dokmoka Bus Stand,Khanapara,03h 30m,06:00,09:30,266,5Seats available,3.440
Kareng Travels,1-Dokmoka to Guwahati,Dokmoka Bus Stand,Khanapara,04h 15m,11:45,16:00,INR300,22Seats available,4.448
Kareng Travels,1-Dokmoka to Guwahati,Dokmoka Bus Stand,Khanapara,03h 45m,13:00,16:45,INR280,30Seats available,4.266
KAAC TRANSPORT  - 157249,1-Dokmoka to Guwahati,Dokmoka Bus Stand,ISBT Guwahati,03h 45m,05:45,09:30,INR250,7Seats available,4.255
Kareng Travels,1-Dokmoka to Guwahati,Dokmoka Bus Stand,Khanapara,03h 30m,06:00,09:30,266,5Seats available,3.440
Kareng Travels,1-Dokmoka to Guwahati,Dokmoka Bus Stand,Khanapara,04h 15m,11:45,16:00,INR300,22Seats available,4.448
Kareng Travels,1-Dokmoka to Guwahati,Dokmoka Bus Stand,Khanapara,03h 45m,13:00,16:45,INR280,30Seats available,4.266
name,Route,Source,Dest,Duration,Starting time,Reach Time,Price,Seats,Rating
KAAC TRANSPORT  - 157250,1-Guwahati to Dokmoka,ISBT Guwahati,Dokmoka Bus Stand,03h 15m,11:30,14:45,INR250,38Seats available,3.927
Kareng Travels,1-Guwahati to Dokmoka,ISBT Guwahati,Dokmoka Bus Stand,04h 00m,05:00,09:00,INR280,27Seats available,4.359
Kareng Travels,1-Guwahati to Dokmoka,ISBT Guwahati,Dokmoka Bus Stand,04h 30m,09:30,14:00,INR300,18Seats available,4.458
Kareng Travels,1-Guwahati to Dokmoka,ISBT Guwahati,Dokmoka Bus Stand,04h 15m,11:45,16:00,266,30Seats available,4.627
KAAC TRANSPORT  - 157250,1-Guwahati to Dokmoka,ISBT Guwahati,Dokmoka Bus Stand,03h 15m,11:30,14:45,INR250,38Seats available,3.927
Kareng Travels,1-Guwahati to Dokmoka,ISBT Guwahati,Dokmoka Bus Stand,04h 00m,05:00,09:00,INR280,27Seats available,4.359
Kareng Travels,1-Guwahati to Dokmoka,ISBT Guwahati,Dokmoka Bus Stand,04h 30m,09:30,14:00,INR300,18Seats available,4.458
Kareng Travels,1-Guwahati to Dokmoka,ISBT Guwahati,Dokmoka Bus Stand,04h 15m,11:45,16:00,266,30Seats available,4.627
KAAC TRANSPORT  - 157250,1-Guwahati to Dokmoka,ISBT Guwahati,Dokmoka Bus Stand,03h 15m,11:30,14:45,INR250,38Seats available,3.927
Kareng Travels,1-Guwahati to Dokmoka,ISBT Guwahati,Dokmoka Bus Stand,04h 00m,05:00,09:00,INR280,27Seats available,4.359
Kareng Travels,1-Guwahati to Dokmoka,ISBT Guwahati,Dokmoka Bus Stand,04h 30m,09:30,14:00,INR300,18Seats available,4.458
Kareng Travels,1-Guwahati to Dokmoka,ISBT Guwahati,Dokmoka Bus Stand,04h 15m,11:45,16:00,266,30Seats available,4.627
KAAC TRANSPORT  - 157250,1-Guwahati to Dokmoka,ISBT Guwahati,Dokmoka Bus Stand,03h 15m,11:30,14:45,INR250,38Seats available,3.927
Kareng Travels,1-Guwahati to Dokmoka,ISBT Guwahati,Dokmoka Bus Stand,04h 00m,05:00,09:00,INR280,27Seats available,4.359
Kareng Travels,1-Guwahati to Dokmoka,ISBT Guwahati,Dokmoka Bus Stand,04h 30m,09:30,14:00,INR300,18Seats available,4.458
Kareng Travels,1-Guwahati to Dokmoka,ISBT Guwahati,Dokmoka Bus Stand,04h 15m,11:45,16:00,266,30Seats available,4.627
KAAC TRANSPORT  - 157250,1-Guwahati to Dokmoka,ISBT Guwahati,Dokmoka Bus Stand,03h 15m,11:30,14:45,INR250,38Seats available,3.927
Kareng Travels,1-Guwahati to Dokmoka,ISBT Guwahati,Dokmoka Bus Stand,04h 00m,05:00,09:00,INR280,27Seats available,4.359
Kareng Travels,1-Guwahati to Dokmoka,ISBT Guwahati,Dokmoka Bus Stand,04h 30m,09:30,14:00,INR300,18Seats available,4.458
Kareng Travels,1-Guwahati to Dokmoka,ISBT Guwahati,Dokmoka Bus Stand,04h 15m,11:45,16:00,266,30Seats available,4.627
KAAC TRANSPORT  - 157250,1-Guwahati to Dokmoka,ISBT Guwahati,Dokmoka Bus Stand,03h 15m,11:30,14:45,INR250,38Seats available,3.927
Kareng Travels,1-Guwahati to Dokmoka,ISBT Guwahati,Dokmoka Bus Stand,04h 00m,05:00,09:00,INR280,27Seats available,4.359
Kareng Travels,1-Guwahati to Dokmoka,ISBT Guwahati,Dokmoka Bus Stand,04h 30m,09:30,14:00,INR300,18Seats available,4.458
Kareng Travels,1-Guwahati to Dokmoka,ISBT Guwahati,Dokmoka Bus Stand,04h 15m,11:45,16:00,266,30Seats available,4.627
KAAC TRANSPORT  - 157250,1-Guwahati to Dokmoka,ISBT Guwahati,Dokmoka Bus Stand,03h 15m,11:30,14:45,INR250,38Seats available,3.927
Kareng Travels,1-Guwahati to Dokmoka,ISBT Guwahati,Dokmoka Bus Stand,04h 00m,05:00,09:00,INR280,27Seats available,4.359
Kareng Travels,1-Guwahati to Dokmoka,ISBT Guwahati,Dokmoka Bus Stand,04h 30m,09:30,14:00,INR300,18Seats available,4.458
Kareng Travels,1-Guwahati to Dokmoka,ISBT Guwahati,Dokmoka Bus Stand,04h 15m,11:45,16:00,266,30Seats available,4.627
KAAC TRANSPORT  - 157250,1-Guwahati to Dokmoka,ISBT Guwahati,Dokmoka Bus Stand,03h 15m,11:30,14:45,INR250,38Seats available,3.927
Kareng Travels,1-Guwahati to Dokmoka,ISBT Guwahati,Dokmoka Bus Stand,04h 00m,05:00,09:00,INR280,27Seats available,4.359
Kareng Travels,1-Guwahati to Dokmoka,ISBT Guwahati,Dokmoka Bus Stand,04h 30m,09:30,14:00,INR300,18Seats available,4.458
Kareng Travels,1-Guwahati to Dokmoka,ISBT Guwahati,Dokmoka Bus Stand,04h 15m,11:45,16:00,266,30Seats available,4.627
KAAC TRANSPORT  - 157250,1-Guwahati to Dokmoka,ISBT Guwahati,Dokmoka Bus Stand,03h 15m,11:30,14:45,INR250,38Seats available,3.927
Kareng Travels,1-Guwahati to Dokmoka,ISBT Guwahati,Dokmoka Bus Stand,04h 00m,05:00,09:00,INR280,27Seats available,4.359
Kareng Travels,1-Guwahati to Dokmoka,ISBT Guwahati,Dokmoka Bus Stand,04h 30m,09:30,14:00,INR300,18Seats available,4.458
Kareng Travels,1-Guwahati to Dokmoka,ISBT Guwahati,Dokmoka Bus Stand,04h 15m,11:45,16:00,266,30Seats available,4.627
KAAC TRANSPORT  - 157250,1-Guwahati to Dokmoka,ISBT Guwahati,Dokmoka Bus Stand,03h 15m,11:30,14:45,INR250,38Seats available,3.927
Kareng Travels,1-Guwahati to Dokmoka,ISBT Guwahati,Dokmoka Bus Stand,04h 00m,05:00,09:00,INR280,27Seats available,4.359
Kareng Travels,1-Guwahati to Dokmoka,ISBT Guwahati,Dokmoka Bus Stand,04h 30m,09:30,14:00,INR300,18Seats available,4.458
Kareng Travels,1-Guwahati to Dokmoka,ISBT Guwahati,Dokmoka Bus Stand,04h 15m,11:45,16:00,266,30Seats available,4.627
KAAC TRANSPORT  - 157250,1-Guwahati to Dokmoka,ISBT Guwahati,Dokmoka Bus Stand,03h 15m,11:30,14:45,INR250,38Seats available,3.927
Kareng Travels,1-Guwahati to Dokmoka,ISBT Guwahati,Dokmoka Bus Stand,04h 00m,05:00,09:00,INR280,27Seats available,4.359
Kareng Travels,1-Guwahati to Dokmoka,ISBT Guwahati,Dokmoka Bus Stand,04h 30m,09:30,14:00,INR300,18Seats available,4.458
Kareng Travels,1-Guwahati to Dokmoka,ISBT Guwahati,Dokmoka Bus Stand,04h 15m,11:45,16:00,266,30Seats available,4.627
KAAC TRANSPORT  - 157250,1-Guwahati to Dokmoka,ISBT Guwahati,Dokmoka Bus Stand,03h 15m,11:30,14:45,INR250,38Seats available,3.927
Kareng Travels,1-Guwahati to Dokmoka,ISBT Guwahati,Dokmoka Bus Stand,04h 00m,05:00,09:00,INR280,27Seats available,4.359
Kareng Travels,1-Guwahati to Dokmoka,ISBT Guwahati,Dokmoka Bus Stand,04h 30m,09:30,14:00,INR300,18Seats available,4.458
Kareng Travels,1-Guwahati to Dokmoka,ISBT Guwahati,Dokmoka Bus Stand,04h 15m,11:45,16:00,266,30Seats available,4.627
KAAC TRANSPORT  - 157250,1-Guwahati to Dokmoka,ISBT Guwahati,Dokmoka Bus Stand,03h 15m,11:30,14:45,INR250,38Seats available,3.927
Kareng Travels,1-Guwahati to Dokmoka,ISBT Guwahati,Dokmoka Bus Stand,04h 00m,05:00,09:00,INR280,27Seats available,4.359
Kareng Travels,1-Guwahati to Dokmoka,ISBT Guwahati,Dokmoka Bus Stand,04h 30m,09:30,14:00,INR300,18Seats available,4.458
Kareng Travels,1-Guwahati to Dokmoka,ISBT Guwahati,Dokmoka Bus Stand,04h 15m,11:45,16:00,266,30Seats available,4.627
KAAC TRANSPORT  - 157250,1-Guwahati to Dokmoka,ISBT Guwahati,Dokmoka Bus Stand,03h 15m,11:30,14:45,INR250,38Seats available,3.927
Kareng Travels,1-Guwahati to Dokmoka,ISBT Guwahati,Dokmoka Bus Stand,04h 00m,05:00,09:00,INR280,27Seats available,4.359
Kareng Travels,1-Guwahati to Dokmoka,ISBT Guwahati,Dokmoka Bus Stand,04h 30m,09:30,14:00,INR300,18Seats available,4.458
Kareng Travels,1-Guwahati to Dokmoka,ISBT Guwahati,Dokmoka Bus Stand,04h 15m,11:45,16:00,266,30Seats available,4.627
KAAC TRANSPORT  - 157250,1-Guwahati to Dokmoka,ISBT Guwahati,Dokmoka Bus Stand,03h 15m,11:30,14:45,INR250,38Seats available,3.927
Kareng Travels,1-Guwahati to Dokmoka,ISBT Guwahati,Dokmoka Bus Stand,04h 00m,05:00,09:00,INR280,27Seats available,4.359
Kareng Travels,1-Guwahati to Dokmoka,ISBT Guwahati,Dokmoka Bus Stand,04h 30m,09:30,14:00,INR300,18Seats available,4.458
Kareng Travels,1-Guwahati to Dokmoka,ISBT Guwahati,Dokmoka Bus Stand,04h 15m,11:45,16:00,266,30Seats available,4.627
KAAC TRANSPORT  - 157250,1-Guwahati to Dokmoka,ISBT Guwahati,Dokmoka Bus Stand,03h 15m,11:30,14:45,INR250,38Seats available,3.927
Kareng Travels,1-Guwahati to Dokmoka,ISBT Guwahati,Dokmoka Bus Stand,04h 00m,05:00,09:00,INR280,27Seats available,4.359
Kareng Travels,1-Guwahati to Dokmoka,ISBT Guwahati,Dokmoka Bus Stand,04h 30m,09:30,14:00,INR300,18Seats available,4.458
Kareng Travels,1-Guwahati to Dokmoka,ISBT Guwahati,Dokmoka Bus Stand,04h 15m,11:45,16:00,266,30Seats available,4.627
name,Route,Source,Dest,Duration,Starting time,Reach Time,Price,Seats,Rating
KAAC TRANSPORT  - 157250,1-Guwahati to Bokolia (assam),ISBT Guwahati,Bokolia Bus Stand,04h 15m,11:30,15:45,INR299,38Seats available,4.339
Kareng Travels,1-Guwahati to Bokolia (assam),ISBT Guwahati,Bokolia Bus Stand,05h 15m,09:30,14:45,INR300,18Seats available,4.388
Kareng Travels,1-Guwahati to Bokolia (assam),ISBT Guwahati,Bokolia Bus Stand,04h 45m,05:00,09:45,INR300,29Seats available,4.353
Kareng Travels,1-Guwahati to Bokolia (assam),ISBT Guwahati,Bokolia Bus Stand,04h 45m,11:45,16:30,285,29Seats available,3.942
KAAC TRANSPORT  - 157250,1-Guwahati to Bokolia (assam),ISBT Guwahati,Bokolia Bus Stand,04h 15m,11:30,15:45,INR299,38Seats available,4.339
Kareng Travels,1-Guwahati to Bokolia (assam),ISBT Guwahati,Bokolia Bus Stand,05h 15m,09:30,14:45,INR300,18Seats available,4.388
Kareng Travels,1-Guwahati to Bokolia (assam),ISBT Guwahati,Bokolia Bus Stand,04h 45m,05:00,09:45,INR300,29Seats available,4.353
Kareng Travels,1-Guwahati to Bokolia (assam),ISBT Guwahati,Bokolia Bus Stand,04h 45m,11:45,16:30,285,29Seats available,3.942
KAAC TRANSPORT  - 157250,1-Guwahati to Bokolia (assam),ISBT Guwahati,Bokolia Bus Stand,04h 15m,11:30,15:45,INR299,38Seats available,4.339
Kareng Travels,1-Guwahati to Bokolia (assam),ISBT Guwahati,Bokolia Bus Stand,05h 15m,09:30,14:45,INR300,18Seats available,4.388
Kareng Travels,1-Guwahati to Bokolia (assam),ISBT Guwahati,Bokolia Bus Stand,04h 45m,05:00,09:45,INR300,29Seats available,4.353
Kareng Travels,1-Guwahati to Bokolia (assam),ISBT Guwahati,Bokolia Bus Stand,04h 45m,11:45,16:30,285,29Seats available,3.942
KAAC TRANSPORT  - 157250,1-Guwahati to Bokolia (assam),ISBT Guwahati,Bokolia Bus Stand,04h 15m,11:30,15:45,INR299,38Seats available,4.339
Kareng Travels,1-Guwahati to Bokolia (assam),ISBT Guwahati,Bokolia Bus Stand,05h 15m,09:30,14:45,INR300,18Seats available,4.388
Kareng Travels,1-Guwahati to Bokolia (assam),ISBT Guwahati,Bokolia Bus Stand,04h 45m,05:00,09:45,INR300,29Seats available,4.353
Kareng Travels,1-Guwahati to Bokolia (assam),ISBT Guwahati,Bokolia Bus Stand,04h 45m,11:45,16:30,285,29Seats available,3.942
KAAC TRANSPORT  - 157250,1-Guwahati to Bokolia (assam),ISBT Guwahati,Bokolia Bus Stand,04h 15m,11:30,15:45,INR299,38Seats available,4.339
Kareng Travels,1-Guwahati to Bokolia (assam),ISBT Guwahati,Bokolia Bus Stand,05h 15m,09:30,14:45,INR300,18Seats available,4.388
Kareng Travels,1-Guwahati to Bokolia (assam),ISBT Guwahati,Bokolia Bus Stand,04h 45m,05:00,09:45,INR300,29Seats available,4.353
Kareng Travels,1-Guwahati to Bokolia (assam),ISBT Guwahati,Bokolia Bus Stand,04h 45m,11:45,16:30,285,29Seats available,3.942
KAAC TRANSPORT  - 157250,1-Guwahati to Bokolia (assam),ISBT Guwahati,Bokolia Bus Stand,04h 15m,11:30,15:45,INR299,38Seats available,4.339
Kareng Travels,1-Guwahati to Bokolia (assam),ISBT Guwahati,Bokolia Bus Stand,05h 15m,09:30,14:45,INR300,18Seats available,4.388
Kareng Travels,1-Guwahati to Bokolia (assam),ISBT Guwahati,Bokolia Bus Stand,04h 45m,05:00,09:45,INR300,29Seats available,4.353
Kareng Travels,1-Guwahati to Bokolia (assam),ISBT Guwahati,Bokolia Bus Stand,04h 45m,11:45,16:30,285,29Seats available,3.942
KAAC TRANSPORT  - 157250,1-Guwahati to Bokolia (assam),ISBT Guwahati,Bokolia Bus Stand,04h 15m,11:30,15:45,INR299,38Seats available,4.339
Kareng Travels,1-Guwahati to Bokolia (assam),ISBT Guwahati,Bokolia Bus Stand,05h 15m,09:30,14:45,INR300,18Seats available,4.388
Kareng Travels,1-Guwahati to Bokolia (assam),ISBT Guwahati,Bokolia Bus Stand,04h 45m,05:00,09:45,INR300,29Seats available,4.353
Kareng Travels,1-Guwahati to Bokolia (assam),ISBT Guwahati,Bokolia Bus Stand,04h 45m,11:45,16:30,285,29Seats available,3.942
KAAC TRANSPORT  - 157250,1-Guwahati to Bokolia (assam),ISBT Guwahati,Bokolia Bus Stand,04h 15m,11:30,15:45,INR299,38Seats available,4.339
Kareng Travels,1-Guwahati to Bokolia (assam),ISBT Guwahati,Bokolia Bus Stand,05h 15m,09:30,14:45,INR300,18Seats available,4.388
Kareng Travels,1-Guwahati to Bokolia (assam),ISBT Guwahati,Bokolia Bus Stand,04h 45m,05:00,09:45,INR300,29Seats available,4.353
Kareng Travels,1-Guwahati to Bokolia (assam),ISBT Guwahati,Bokolia Bus Stand,04h 45m,11:45,16:30,285,29Seats available,3.942
KAAC TRANSPORT  - 157250,1-Guwahati to Bokolia (assam),ISBT Guwahati,Bokolia Bus Stand,04h 15m,11:30,15:45,INR299,38Seats available,4.339
Kareng Travels,1-Guwahati to Bokolia (assam),ISBT Guwahati,Bokolia Bus Stand,05h 15m,09:30,14:45,INR300,18Seats available,4.388
Kareng Travels,1-Guwahati to Bokolia (assam),ISBT Guwahati,Bokolia Bus Stand,04h 45m,05:00,09:45,INR300,29Seats available,4.353
Kareng Travels,1-Guwahati to Bokolia (assam),ISBT Guwahati,Bokolia Bus Stand,04h 45m,11:45,16:30,285,29Seats available,3.942
KAAC TRANSPORT  - 157250,1-Guwahati to Bokolia (assam),ISBT Guwahati,Bokolia Bus Stand,04h 15m,11:30,15:45,INR299,38Seats available,4.339
Kareng Travels,1-Guwahati to Bokolia (assam),ISBT Guwahati,Bokolia Bus Stand,05h 15m,09:30,14:45,INR300,18Seats available,4.388
Kareng Travels,1-Guwahati to Bokolia (assam),ISBT Guwahati,Bokolia Bus Stand,04h 45m,05:00,09:45,INR300,29Seats available,4.353
Kareng Travels,1-Guwahati to Bokolia (assam),ISBT Guwahati,Bokolia Bus Stand,04h 45m,11:45,16:30,285,29Seats available,3.942
KAAC TRANSPORT  - 157250,1-Guwahati to Bokolia (assam),ISBT Guwahati,Bokolia Bus Stand,04h 15m,11:30,15:45,INR299,38Seats available,4.339
Kareng Travels,1-Guwahati to Bokolia (assam),ISBT Guwahati,Bokolia Bus Stand,05h 15m,09:30,14:45,INR300,18Seats available,4.388
Kareng Travels,1-Guwahati to Bokolia (assam),ISBT Guwahati,Bokolia Bus Stand,04h 45m,05:00,09:45,INR300,29Seats available,4.353
Kareng Travels,1-Guwahati to Bokolia (assam),ISBT Guwahati,Bokolia Bus Stand,04h 45m,11:45,16:30,285,29Seats available,3.942
KAAC TRANSPORT  - 157250,1-Guwahati to Bokolia (assam),ISBT Guwahati,Bokolia Bus Stand,04h 15m,11:30,15:45,INR299,38Seats available,4.339
Kareng Travels,1-Guwahati to Bokolia (assam),ISBT Guwahati,Bokolia Bus Stand,05h 15m,09:30,14:45,INR300,18Seats available,4.388
Kareng Travels,1-Guwahati to Bokolia (assam),ISBT Guwahati,Bokolia Bus Stand,04h 45m,05:00,09:45,INR300,29Seats available,4.353
Kareng Travels,1-Guwahati to Bokolia (assam),ISBT Guwahati,Bokolia Bus Stand,04h 45m,11:45,16:30,285,29Seats available,3.942
KAAC TRANSPORT  - 157250,1-Guwahati to Bokolia (assam),ISBT Guwahati,Bokolia Bus Stand,04h 15m,11:30,15:45,INR299,38Seats available,4.339
Kareng Travels,1-Guwahati to Bokolia (assam),ISBT Guwahati,Bokolia Bus Stand,05h 15m,09:30,14:45,INR300,18Seats available,4.388
Kareng Travels,1-Guwahati to Bokolia (assam),ISBT Guwahati,Bokolia Bus Stand,04h 45m,05:00,09:45,INR300,29Seats available,4.353
Kareng Travels,1-Guwahati to Bokolia (assam),ISBT Guwahati,Bokolia Bus Stand,04h 45m,11:45,16:30,285,29Seats available,3.942
KAAC TRANSPORT  - 157250,1-Guwahati to Bokolia (assam),ISBT Guwahati,Bokolia Bus Stand,04h 15m,11:30,15:45,INR299,38Seats available,4.339
Kareng Travels,1-Guwahati to Bokolia (assam),ISBT Guwahati,Bokolia Bus Stand,05h 15m,09:30,14:45,INR300,18Seats available,4.388
Kareng Travels,1-Guwahati to Bokolia (assam),ISBT Guwahati,Bokolia Bus Stand,04h 45m,05:00,09:45,INR300,29Seats available,4.353
Kareng Travels,1-Guwahati to Bokolia (assam),ISBT Guwahati,Bokolia Bus Stand,04h 45m,11:45,16:30,285,29Seats available,3.942
KAAC TRANSPORT  - 157250,1-Guwahati to Bokolia (assam),ISBT Guwahati,Bokolia Bus Stand,04h 15m,11:30,15:45,INR299,38Seats available,4.339
Kareng Travels,1-Guwahati to Bokolia (assam),ISBT Guwahati,Bokolia Bus Stand,05h 15m,09:30,14:45,INR300,18Seats available,4.388
Kareng Travels,1-Guwahati to Bokolia (assam),ISBT Guwahati,Bokolia Bus Stand,04h 45m,05:00,09:45,INR300,29Seats available,4.353
Kareng Travels,1-Guwahati to Bokolia (assam),ISBT Guwahati,Bokolia Bus Stand,04h 45m,11:45,16:30,285,29Seats available,3.942
KAAC TRANSPORT  - 157250,1-Guwahati to Bokolia (assam),ISBT Guwahati,Bokolia Bus Stand,04h 15m,11:30,15:45,INR299,38Seats available,4.339
Kareng Travels,1-Guwahati to Bokolia (assam),ISBT Guwahati,Bokolia Bus Stand,05h 15m,09:30,14:45,INR300,18Seats available,4.388
Kareng Travels,1-Guwahati to Bokolia (assam),ISBT Guwahati,Bokolia Bus Stand,04h 45m,05:00,09:45,INR300,29Seats available,4.353
Kareng Travels,1-Guwahati to Bokolia (assam),ISBT Guwahati,Bokolia Bus Stand,04h 45m,11:45,16:30,285,29Seats available,3.942
name,Route,Source,Dest,Duration,Starting time,Reach Time,Price,Seats,Rating
KAAC TRANSPORT  - 157249,1-Langhin (assam) to Guwahati,Langhin Bus Stand,ISBT Guwahati,04h 00m,05:30,09:30,INR266,7Seats available,4.222
Kareng Travels,1-Langhin (assam) to Guwahati,Langhin Bus Stand,Khanapara,04h 15m,12:30,16:45,INR300,32Seats available,4.042
Kareng Travels,1-Langhin (assam) to Guwahati,Langhin Bus Stand,Khanapara,03h 45m,05:45,09:30,285,6Seats available,4.321
Kareng Travels,1-Langhin (assam) to Guwahati,Langhin Bus Stand,Khanapara,04h 30m,11:30,16:00,INR300,25Seats available,3.926
KAAC TRANSPORT  - 157249,1-Langhin (assam) to Guwahati,Langhin Bus Stand,ISBT Guwahati,04h 00m,05:30,09:30,INR266,7Seats available,4.222
Kareng Travels,1-Langhin (assam) to Guwahati,Langhin Bus Stand,Khanapara,04h 15m,12:30,16:45,INR300,32Seats available,4.042
Kareng Travels,1-Langhin (assam) to Guwahati,Langhin Bus Stand,Khanapara,03h 45m,05:45,09:30,285,6Seats available,4.321
Kareng Travels,1-Langhin (assam) to Guwahati,Langhin Bus Stand,Khanapara,04h 30m,11:30,16:00,INR300,25Seats available,3.926
KAAC TRANSPORT  - 157249,1-Langhin (assam) to Guwahati,Langhin Bus Stand,ISBT Guwahati,04h 00m,05:30,09:30,INR266,7Seats available,4.222
Kareng Travels,1-Langhin (assam) to Guwahati,Langhin Bus Stand,Khanapara,04h 15m,12:30,16:45,INR300,32Seats available,4.042
Kareng Travels,1-Langhin (assam) to Guwahati,Langhin Bus Stand,Khanapara,03h 45m,05:45,09:30,285,6Seats available,4.321
Kareng Travels,1-Langhin (assam) to Guwahati,Langhin Bus Stand,Khanapara,04h 30m,11:30,16:00,INR300,25Seats available,3.926
KAAC TRANSPORT  - 157249,1-Langhin (assam) to Guwahati,Langhin Bus Stand,ISBT Guwahati,04h 00m,05:30,09:30,INR266,7Seats available,4.222
Kareng Travels,1-Langhin (assam) to Guwahati,Langhin Bus Stand,Khanapara,04h 15m,12:30,16:45,INR300,32Seats available,4.042
Kareng Travels,1-Langhin (assam) to Guwahati,Langhin Bus Stand,Khanapara,03h 45m,05:45,09:30,285,6Seats available,4.321
Kareng Travels,1-Langhin (assam) to Guwahati,Langhin Bus Stand,Khanapara,04h 30m,11:30,16:00,INR300,25Seats available,3.926
KAAC TRANSPORT  - 157249,1-Langhin (assam) to Guwahati,Langhin Bus Stand,ISBT Guwahati,04h 00m,05:30,09:30,INR266,7Seats available,4.222
Kareng Travels,1-Langhin (assam) to Guwahati,Langhin Bus Stand,Khanapara,04h 15m,12:30,16:45,INR300,32Seats available,4.042
Kareng Travels,1-Langhin (assam) to Guwahati,Langhin Bus Stand,Khanapara,03h 45m,05:45,09:30,285,6Seats available,4.321
Kareng Travels,1-Langhin (assam) to Guwahati,Langhin Bus Stand,Khanapara,04h 30m,11:30,16:00,INR300,25Seats available,3.926
KAAC TRANSPORT  - 157249,1-Langhin (assam) to Guwahati,Langhin Bus Stand,ISBT Guwahati,04h 00m,05:30,09:30,INR266,7Seats available,4.222
Kareng Travels,1-Langhin (assam) to Guwahati,Langhin Bus Stand,Khanapara,04h 15m,12:30,16:45,INR300,32Seats available,4.042
Kareng Travels,1-Langhin (assam) to Guwahati,Langhin Bus Stand,Khanapara,03h 45m,05:45,09:30,285,6Seats available,4.321
Kareng Travels,1-Langhin (assam) to Guwahati,Langhin Bus Stand,Khanapara,04h 30m,11:30,16:00,INR300,25Seats available,3.926
KAAC TRANSPORT  - 157249,1-Langhin (assam) to Guwahati,Langhin Bus Stand,ISBT Guwahati,04h 00m,05:30,09:30,INR266,7Seats available,4.222
Kareng Travels,1-Langhin (assam) to Guwahati,Langhin Bus Stand,Khanapara,04h 15m,12:30,16:45,INR300,32Seats available,4.042
Kareng Travels,1-Langhin (assam) to Guwahati,Langhin Bus Stand,Khanapara,03h 45m,05:45,09:30,285,6Seats available,4.321
Kareng Travels,1-Langhin (assam) to Guwahati,Langhin Bus Stand,Khanapara,04h 30m,11:30,16:00,INR300,25Seats available,3.926
KAAC TRANSPORT  - 157249,1-Langhin (assam) to Guwahati,Langhin Bus Stand,ISBT Guwahati,04h 00m,05:30,09:30,INR266,7Seats available,4.222
Kareng Travels,1-Langhin (assam) to Guwahati,Langhin Bus Stand,Khanapara,04h 15m,12:30,16:45,INR300,32Seats available,4.042
Kareng Travels,1-Langhin (assam) to Guwahati,Langhin Bus Stand,Khanapara,03h 45m,05:45,09:30,285,6Seats available,4.321
Kareng Travels,1-Langhin (assam) to Guwahati,Langhin Bus Stand,Khanapara,04h 30m,11:30,16:00,INR300,25Seats available,3.926
KAAC TRANSPORT  - 157249,1-Langhin (assam) to Guwahati,Langhin Bus Stand,ISBT Guwahati,04h 00m,05:30,09:30,INR266,7Seats available,4.222
Kareng Travels,1-Langhin (assam) to Guwahati,Langhin Bus Stand,Khanapara,04h 15m,12:30,16:45,INR300,32Seats available,4.042
Kareng Travels,1-Langhin (assam) to Guwahati,Langhin Bus Stand,Khanapara,03h 45m,05:45,09:30,285,6Seats available,4.321
Kareng Travels,1-Langhin (assam) to Guwahati,Langhin Bus Stand,Khanapara,04h 30m,11:30,16:00,INR300,25Seats available,3.926
KAAC TRANSPORT  - 157249,1-Langhin (assam) to Guwahati,Langhin Bus Stand,ISBT Guwahati,04h 00m,05:30,09:30,INR266,7Seats available,4.222
Kareng Travels,1-Langhin (assam) to Guwahati,Langhin Bus Stand,Khanapara,04h 15m,12:30,16:45,INR300,32Seats available,4.042
Kareng Travels,1-Langhin (assam) to Guwahati,Langhin Bus Stand,Khanapara,03h 45m,05:45,09:30,285,6Seats available,4.321
Kareng Travels,1-Langhin (assam) to Guwahati,Langhin Bus Stand,Khanapara,04h 30m,11:30,16:00,INR300,25Seats available,3.926
KAAC TRANSPORT  - 157249,1-Langhin (assam) to Guwahati,Langhin Bus Stand,ISBT Guwahati,04h 00m,05:30,09:30,INR266,7Seats available,4.222
Kareng Travels,1-Langhin (assam) to Guwahati,Langhin Bus Stand,Khanapara,04h 15m,12:30,16:45,INR300,32Seats available,4.042
Kareng Travels,1-Langhin (assam) to Guwahati,Langhin Bus Stand,Khanapara,03h 45m,05:45,09:30,285,6Seats available,4.321
Kareng Travels,1-Langhin (assam) to Guwahati,Langhin Bus Stand,Khanapara,04h 30m,11:30,16:00,INR300,25Seats available,3.926
KAAC TRANSPORT  - 157249,1-Langhin (assam) to Guwahati,Langhin Bus Stand,ISBT Guwahati,04h 00m,05:30,09:30,INR266,7Seats available,4.222
Kareng Travels,1-Langhin (assam) to Guwahati,Langhin Bus Stand,Khanapara,04h 15m,12:30,16:45,INR300,32Seats available,4.042
Kareng Travels,1-Langhin (assam) to Guwahati,Langhin Bus Stand,Khanapara,03h 45m,05:45,09:30,285,6Seats available,4.321
Kareng Travels,1-Langhin (assam) to Guwahati,Langhin Bus Stand,Khanapara,04h 30m,11:30,16:00,INR300,25Seats available,3.926
KAAC TRANSPORT  - 157249,1-Langhin (assam) to Guwahati,Langhin Bus Stand,ISBT Guwahati,04h 00m,05:30,09:30,INR266,7Seats available,4.222
Kareng Travels,1-Langhin (assam) to Guwahati,Langhin Bus Stand,Khanapara,04h 15m,12:30,16:45,INR300,32Seats available,4.042
Kareng Travels,1-Langhin (assam) to Guwahati,Langhin Bus Stand,Khanapara,03h 45m,05:45,09:30,285,6Seats available,4.321
Kareng Travels,1-Langhin (assam) to Guwahati,Langhin Bus Stand,Khanapara,04h 30m,11:30,16:00,INR300,25Seats available,3.926
KAAC TRANSPORT  - 157249,1-Langhin (assam) to Guwahati,Langhin Bus Stand,ISBT Guwahati,04h 00m,05:30,09:30,INR266,7Seats available,4.222
Kareng Travels,1-Langhin (assam) to Guwahati,Langhin Bus Stand,Khanapara,04h 15m,12:30,16:45,INR300,32Seats available,4.042
Kareng Travels,1-Langhin (assam) to Guwahati,Langhin Bus Stand,Khanapara,03h 45m,05:45,09:30,285,6Seats available,4.321
Kareng Travels,1-Langhin (assam) to Guwahati,Langhin Bus Stand,Khanapara,04h 30m,11:30,16:00,INR300,25Seats available,3.926
KAAC TRANSPORT  - 157249,1-Langhin (assam) to Guwahati,Langhin Bus Stand,ISBT Guwahati,04h 00m,05:30,09:30,INR266,7Seats available,4.222
Kareng Travels,1-Langhin (assam) to Guwahati,Langhin Bus Stand,Khanapara,04h 15m,12:30,16:45,INR300,32Seats available,4.042
Kareng Travels,1-Langhin (assam) to Guwahati,Langhin Bus Stand,Khanapara,03h 45m,05:45,09:30,285,6Seats available,4.321
Kareng Travels,1-Langhin (assam) to Guwahati,Langhin Bus Stand,Khanapara,04h 30m,11:30,16:00,INR300,25Seats available,3.926
KAAC TRANSPORT  - 157249,1-Langhin (assam) to Guwahati,Langhin Bus Stand,ISBT Guwahati,04h 00m,05:30,09:30,INR266,7Seats available,4.222
Kareng Travels,1-Langhin (assam) to Guwahati,Langhin Bus Stand,Khanapara,04h 15m,12:30,16:45,INR300,32Seats available,4.042
Kareng Travels,1-Langhin (assam) to Guwahati,Langhin Bus Stand,Khanapara,03h 45m,05:45,09:30,285,6Seats available,4.321
Kareng Travels,1-Langhin (assam) to Guwahati,Langhin Bus Stand,Khanapara,04h 30m,11:30,16:00,INR300,25Seats available,3.926
name,Route,Source,Dest,Duration,Starting time,Reach Time,Price,Seats,Rating
KAAC TRANSPORT  - 157442,1-Diphu to Hamren,Diphu Bus Stand,Hamren Bus Stand,06h 00m,04:30,10:30,INR300,41Seats available,3.217
KAAC TRANSPORT  - 175492,1-Diphu to Hamren,Diphu Bus Stand,Hamren Bus Stand,04h 30m,13:00,17:30,INR246,41Seats available,3.2
KAAC TRANSPORT  - 157442,1-Diphu to Hamren,Diphu Bus Stand,Hamren Bus Stand,06h 00m,04:30,10:30,INR300,41Seats available,3.217
KAAC TRANSPORT  - 175492,1-Diphu to Hamren,Diphu Bus Stand,Hamren Bus Stand,04h 30m,13:00,17:30,INR246,41Seats available,3.2
KAAC TRANSPORT  - 157442,1-Diphu to Hamren,Diphu Bus Stand,Hamren Bus Stand,06h 00m,04:30,10:30,INR300,41Seats available,3.217
KAAC TRANSPORT  - 175492,1-Diphu to Hamren,Diphu Bus Stand,Hamren Bus Stand,04h 30m,13:00,17:30,INR246,41Seats available,3.2
KAAC TRANSPORT  - 157442,1-Diphu to Hamren,Diphu Bus Stand,Hamren Bus Stand,06h 00m,04:30,10:30,INR300,41Seats available,3.217
KAAC TRANSPORT  - 175492,1-Diphu to Hamren,Diphu Bus Stand,Hamren Bus Stand,04h 30m,13:00,17:30,INR246,41Seats available,3.2
KAAC TRANSPORT  - 157442,1-Diphu to Hamren,Diphu Bus Stand,Hamren Bus Stand,06h 00m,04:30,10:30,INR300,41Seats available,3.217
KAAC TRANSPORT  - 175492,1-Diphu to Hamren,Diphu Bus Stand,Hamren Bus Stand,04h 30m,13:00,17:30,INR246,41Seats available,3.2
KAAC TRANSPORT  - 157442,1-Diphu to Hamren,Diphu Bus Stand,Hamren Bus Stand,06h 00m,04:30,10:30,INR300,41Seats available,3.217
KAAC TRANSPORT  - 175492,1-Diphu to Hamren,Diphu Bus Stand,Hamren Bus Stand,04h 30m,13:00,17:30,INR246,41Seats available,3.2
KAAC TRANSPORT  - 157442,1-Diphu to Hamren,Diphu Bus Stand,Hamren Bus Stand,06h 00m,04:30,10:30,INR300,41Seats available,3.217
KAAC TRANSPORT  - 175492,1-Diphu to Hamren,Diphu Bus Stand,Hamren Bus Stand,04h 30m,13:00,17:30,INR246,41Seats available,3.2
KAAC TRANSPORT  - 157442,1-Diphu to Hamren,Diphu Bus Stand,Hamren Bus Stand,06h 00m,04:30,10:30,INR300,41Seats available,3.217
KAAC TRANSPORT  - 175492,1-Diphu to Hamren,Diphu Bus Stand,Hamren Bus Stand,04h 30m,13:00,17:30,INR246,41Seats available,3.2
KAAC TRANSPORT  - 157442,1-Diphu to Hamren,Diphu Bus Stand,Hamren Bus Stand,06h 00m,04:30,10:30,INR300,41Seats available,3.217
KAAC TRANSPORT  - 175492,1-Diphu to Hamren,Diphu Bus Stand,Hamren Bus Stand,04h 30m,13:00,17:30,INR246,41Seats available,3.2
KAAC TRANSPORT  - 157442,1-Diphu to Hamren,Diphu Bus Stand,Hamren Bus Stand,06h 00m,04:30,10:30,INR300,41Seats available,3.217
KAAC TRANSPORT  - 175492,1-Diphu to Hamren,Diphu Bus Stand,Hamren Bus Stand,04h 30m,13:00,17:30,INR246,41Seats available,3.2
KAAC TRANSPORT  - 157442,1-Diphu to Hamren,Diphu Bus Stand,Hamren Bus Stand,06h 00m,04:30,10:30,INR300,41Seats available,3.217
KAAC TRANSPORT  - 175492,1-Diphu to Hamren,Diphu Bus Stand,Hamren Bus Stand,04h 30m,13:00,17:30,INR246,41Seats available,3.2
KAAC TRANSPORT  - 157442,1-Diphu to Hamren,Diphu Bus Stand,Hamren Bus Stand,06h 00m,04:30,10:30,INR300,41Seats available,3.217
KAAC TRANSPORT  - 175492,1-Diphu to Hamren,Diphu Bus Stand,Hamren Bus Stand,04h 30m,13:00,17:30,INR246,41Seats available,3.2
KAAC TRANSPORT  - 157442,1-Diphu to Hamren,Diphu Bus Stand,Hamren Bus Stand,06h 00m,04:30,10:30,INR300,41Seats available,3.217
KAAC TRANSPORT  - 175492,1-Diphu to Hamren,Diphu Bus Stand,Hamren Bus Stand,04h 30m,13:00,17:30,INR246,41Seats available,3.2
KAAC TRANSPORT  - 157442,1-Diphu to Hamren,Diphu Bus Stand,Hamren Bus Stand,06h 00m,04:30,10:30,INR300,41Seats available,3.217
KAAC TRANSPORT  - 175492,1-Diphu to Hamren,Diphu Bus Stand,Hamren Bus Stand,04h 30m,13:00,17:30,INR246,41Seats available,3.2
KAAC TRANSPORT  - 157442,1-Diphu to Hamren,Diphu Bus Stand,Hamren Bus Stand,06h 00m,04:30,10:30,INR300,41Seats available,3.217
KAAC TRANSPORT  - 175492,1-Diphu to Hamren,Diphu Bus Stand,Hamren Bus Stand,04h 30m,13:00,17:30,INR246,41Seats available,3.2
KAAC TRANSPORT  - 157442,1-Diphu to Hamren,Diphu Bus Stand,Hamren Bus Stand,06h 00m,04:30,10:30,INR300,41Seats available,3.217
KAAC TRANSPORT  - 175492,1-Diphu to Hamren,Diphu Bus Stand,Hamren Bus Stand,04h 30m,13:00,17:30,INR246,41Seats available,3.2
name,Route,Source,Dest,Duration,Starting time,Reach Time,Price,Seats,Rating
KAAC TRANSPORT  - 157250,1-Guwahati to Langhin (assam),ISBT Guwahati,Langhin Bus Stand,03h 30m,11:30,15:00,INR266,38Seats available,3.324
Kareng Travels,1-Guwahati to Langhin (assam),ISBT Guwahati,Langhin Bus Stand,04h 30m,05:00,09:30,INR300,37Seats available,4.334
Kareng Travels,1-Guwahati to Langhin (assam),ISBT Guwahati,Langhin Bus Stand,04h 30m,11:45,16:15,285,30Seats available,4.330
Kareng Travels,1-Guwahati to Langhin (assam),ISBT Guwahati,Langhin Bus Stand,04h 45m,09:30,14:15,INR300,28Seats available,4.228
KAAC TRANSPORT  - 157250,1-Guwahati to Langhin (assam),ISBT Guwahati,Langhin Bus Stand,03h 30m,11:30,15:00,INR266,38Seats available,3.324
Kareng Travels,1-Guwahati to Langhin (assam),ISBT Guwahati,Langhin Bus Stand,04h 30m,05:00,09:30,INR300,37Seats available,4.334
Kareng Travels,1-Guwahati to Langhin (assam),ISBT Guwahati,Langhin Bus Stand,04h 30m,11:45,16:15,285,30Seats available,4.330
Kareng Travels,1-Guwahati to Langhin (assam),ISBT Guwahati,Langhin Bus Stand,04h 45m,09:30,14:15,INR300,28Seats available,4.228
KAAC TRANSPORT  - 157250,1-Guwahati to Langhin (assam),ISBT Guwahati,Langhin Bus Stand,03h 30m,11:30,15:00,INR266,38Seats available,3.324
Kareng Travels,1-Guwahati to Langhin (assam),ISBT Guwahati,Langhin Bus Stand,04h 30m,05:00,09:30,INR300,37Seats available,4.334
Kareng Travels,1-Guwahati to Langhin (assam),ISBT Guwahati,Langhin Bus Stand,04h 30m,11:45,16:15,285,30Seats available,4.330
Kareng Travels,1-Guwahati to Langhin (assam),ISBT Guwahati,Langhin Bus Stand,04h 45m,09:30,14:15,INR300,28Seats available,4.228
KAAC TRANSPORT  - 157250,1-Guwahati to Langhin (assam),ISBT Guwahati,Langhin Bus Stand,03h 30m,11:30,15:00,INR266,38Seats available,3.324
Kareng Travels,1-Guwahati to Langhin (assam),ISBT Guwahati,Langhin Bus Stand,04h 30m,05:00,09:30,INR300,37Seats available,4.334
Kareng Travels,1-Guwahati to Langhin (assam),ISBT Guwahati,Langhin Bus Stand,04h 30m,11:45,16:15,285,30Seats available,4.330
Kareng Travels,1-Guwahati to Langhin (assam),ISBT Guwahati,Langhin Bus Stand,04h 45m,09:30,14:15,INR300,28Seats available,4.228
KAAC TRANSPORT  - 157250,1-Guwahati to Langhin (assam),ISBT Guwahati,Langhin Bus Stand,03h 30m,11:30,15:00,INR266,38Seats available,3.324
Kareng Travels,1-Guwahati to Langhin (assam),ISBT Guwahati,Langhin Bus Stand,04h 30m,05:00,09:30,INR300,37Seats available,4.334
Kareng Travels,1-Guwahati to Langhin (assam),ISBT Guwahati,Langhin Bus Stand,04h 30m,11:45,16:15,285,30Seats available,4.330
Kareng Travels,1-Guwahati to Langhin (assam),ISBT Guwahati,Langhin Bus Stand,04h 45m,09:30,14:15,INR300,28Seats available,4.228
KAAC TRANSPORT  - 157250,1-Guwahati to Langhin (assam),ISBT Guwahati,Langhin Bus Stand,03h 30m,11:30,15:00,INR266,38Seats available,3.324
Kareng Travels,1-Guwahati to Langhin (assam),ISBT Guwahati,Langhin Bus Stand,04h 30m,05:00,09:30,INR300,37Seats available,4.334
Kareng Travels,1-Guwahati to Langhin (assam),ISBT Guwahati,Langhin Bus Stand,04h 30m,11:45,16:15,285,30Seats available,4.330
Kareng Travels,1-Guwahati to Langhin (assam),ISBT Guwahati,Langhin Bus Stand,04h 45m,09:30,14:15,INR300,28Seats available,4.228
KAAC TRANSPORT  - 157250,1-Guwahati to Langhin (assam),ISBT Guwahati,Langhin Bus Stand,03h 30m,11:30,15:00,INR266,38Seats available,3.324
Kareng Travels,1-Guwahati to Langhin (assam),ISBT Guwahati,Langhin Bus Stand,04h 30m,05:00,09:30,INR300,37Seats available,4.334
Kareng Travels,1-Guwahati to Langhin (assam),ISBT Guwahati,Langhin Bus Stand,04h 30m,11:45,16:15,285,30Seats available,4.330
Kareng Travels,1-Guwahati to Langhin (assam),ISBT Guwahati,Langhin Bus Stand,04h 45m,09:30,14:15,INR300,28Seats available,4.228
KAAC TRANSPORT  - 157250,1-Guwahati to Langhin (assam),ISBT Guwahati,Langhin Bus Stand,03h 30m,11:30,15:00,INR266,38Seats available,3.324
Kareng Travels,1-Guwahati to Langhin (assam),ISBT Guwahati,Langhin Bus Stand,04h 30m,05:00,09:30,INR300,37Seats available,4.334
Kareng Travels,1-Guwahati to Langhin (assam),ISBT Guwahati,Langhin Bus Stand,04h 30m,11:45,16:15,285,30Seats available,4.330
Kareng Travels,1-Guwahati to Langhin (assam),ISBT Guwahati,Langhin Bus Stand,04h 45m,09:30,14:15,INR300,28Seats available,4.228
KAAC TRANSPORT  - 157250,1-Guwahati to Langhin (assam),ISBT Guwahati,Langhin Bus Stand,03h 30m,11:30,15:00,INR266,38Seats available,3.324
Kareng Travels,1-Guwahati to Langhin (assam),ISBT Guwahati,Langhin Bus Stand,04h 30m,05:00,09:30,INR300,37Seats available,4.334
Kareng Travels,1-Guwahati to Langhin (assam),ISBT Guwahati,Langhin Bus Stand,04h 30m,11:45,16:15,285,30Seats available,4.330
Kareng Travels,1-Guwahati to Langhin (assam),ISBT Guwahati,Langhin Bus Stand,04h 45m,09:30,14:15,INR300,28Seats available,4.228
KAAC TRANSPORT  - 157250,1-Guwahati to Langhin (assam),ISBT Guwahati,Langhin Bus Stand,03h 30m,11:30,15:00,INR266,38Seats available,3.324
Kareng Travels,1-Guwahati to Langhin (assam),ISBT Guwahati,Langhin Bus Stand,04h 30m,05:00,09:30,INR300,37Seats available,4.334
Kareng Travels,1-Guwahati to Langhin (assam),ISBT Guwahati,Langhin Bus Stand,04h 30m,11:45,16:15,285,30Seats available,4.330
Kareng Travels,1-Guwahati to Langhin (assam),ISBT Guwahati,Langhin Bus Stand,04h 45m,09:30,14:15,INR300,28Seats available,4.228
KAAC TRANSPORT  - 157250,1-Guwahati to Langhin (assam),ISBT Guwahati,Langhin Bus Stand,03h 30m,11:30,15:00,INR266,38Seats available,3.324
Kareng Travels,1-Guwahati to Langhin (assam),ISBT Guwahati,Langhin Bus Stand,04h 30m,05:00,09:30,INR300,37Seats available,4.334
Kareng Travels,1-Guwahati to Langhin (assam),ISBT Guwahati,Langhin Bus Stand,04h 30m,11:45,16:15,285,30Seats available,4.330
Kareng Travels,1-Guwahati to Langhin (assam),ISBT Guwahati,Langhin Bus Stand,04h 45m,09:30,14:15,INR300,28Seats available,4.228
KAAC TRANSPORT  - 157250,1-Guwahati to Langhin (assam),ISBT Guwahati,Langhin Bus Stand,03h 30m,11:30,15:00,INR266,38Seats available,3.324
Kareng Travels,1-Guwahati to Langhin (assam),ISBT Guwahati,Langhin Bus Stand,04h 30m,05:00,09:30,INR300,37Seats available,4.334
Kareng Travels,1-Guwahati to Langhin (assam),ISBT Guwahati,Langhin Bus Stand,04h 30m,11:45,16:15,285,30Seats available,4.330
Kareng Travels,1-Guwahati to Langhin (assam),ISBT Guwahati,Langhin Bus Stand,04h 45m,09:30,14:15,INR300,28Seats available,4.228
KAAC TRANSPORT  - 157250,1-Guwahati to Langhin (assam),ISBT Guwahati,Langhin Bus Stand,03h 30m,11:30,15:00,INR266,38Seats available,3.324
Kareng Travels,1-Guwahati to Langhin (assam),ISBT Guwahati,Langhin Bus Stand,04h 30m,05:00,09:30,INR300,37Seats available,4.334
Kareng Travels,1-Guwahati to Langhin (assam),ISBT Guwahati,Langhin Bus Stand,04h 30m,11:45,16:15,285,30Seats available,4.330
Kareng Travels,1-Guwahati to Langhin (assam),ISBT Guwahati,Langhin Bus Stand,04h 45m,09:30,14:15,INR300,28Seats available,4.228
KAAC TRANSPORT  - 157250,1-Guwahati to Langhin (assam),ISBT Guwahati,Langhin Bus Stand,03h 30m,11:30,15:00,INR266,38Seats available,3.324
Kareng Travels,1-Guwahati to Langhin (assam),ISBT Guwahati,Langhin Bus Stand,04h 30m,05:00,09:30,INR300,37Seats available,4.334
Kareng Travels,1-Guwahati to Langhin (assam),ISBT Guwahati,Langhin Bus Stand,04h 30m,11:45,16:15,285,30Seats available,4.330
Kareng Travels,1-Guwahati to Langhin (assam),ISBT Guwahati,Langhin Bus Stand,04h 45m,09:30,14:15,INR300,28Seats available,4.228
KAAC TRANSPORT  - 157250,1-Guwahati to Langhin (assam),ISBT Guwahati,Langhin Bus Stand,03h 30m,11:30,15:00,INR266,38Seats available,3.324
Kareng Travels,1-Guwahati to Langhin (assam),ISBT Guwahati,Langhin Bus Stand,04h 30m,05:00,09:30,INR300,37Seats available,4.334
Kareng Travels,1-Guwahati to Langhin (assam),ISBT Guwahati,Langhin Bus Stand,04h 30m,11:45,16:15,285,30Seats available,4.330
Kareng Travels,1-Guwahati to Langhin (assam),ISBT Guwahati,Langhin Bus Stand,04h 45m,09:30,14:15,INR300,28Seats available,4.228
KAAC TRANSPORT  - 157250,1-Guwahati to Langhin (assam),ISBT Guwahati,Langhin Bus Stand,03h 30m,11:30,15:00,INR266,38Seats available,3.324
Kareng Travels,1-Guwahati to Langhin (assam),ISBT Guwahati,Langhin Bus Stand,04h 30m,05:00,09:30,INR300,37Seats available,4.334
Kareng Travels,1-Guwahati to Langhin (assam),ISBT Guwahati,Langhin Bus Stand,04h 30m,11:45,16:15,285,30Seats available,4.330
Kareng Travels,1-Guwahati to Langhin (assam),ISBT Guwahati,Langhin Bus Stand,04h 45m,09:30,14:15,INR300,28Seats available,4.228
name,Route,Source,Dest,Duration,Starting time,Reach Time,Price,Seats,Rating
KAAC TRANSPORT  - 157250,1-Guwahati to Manja (assam),ISBT Guwahati,Bus Stop Manja,05h 30m,11:30,17:00,INR350,38Seats available,3.810
Kareng Travels,1-Guwahati to Manja (assam),ISBT Guwahati,Bus Stop Manja,06h 15m,09:30,15:45,INR400,28Seats available,4.914
Kareng Travels,1-Guwahati to Manja (assam),ISBT Guwahati,Bus Stop Manja,05h 30m,05:00,10:30,INR360,31Seats available,2.918
Kareng Travels,1-Guwahati to Manja (assam),ISBT Guwahati,Bus Stop Manja,06h 15m,11:45,18:00,342,35Seats available,3.19
KAAC TRANSPORT  - 157250,1-Guwahati to Manja (assam),ISBT Guwahati,Bus Stop Manja,05h 30m,11:30,17:00,INR350,38Seats available,3.810
Kareng Travels,1-Guwahati to Manja (assam),ISBT Guwahati,Bus Stop Manja,06h 15m,09:30,15:45,INR400,28Seats available,4.914
Kareng Travels,1-Guwahati to Manja (assam),ISBT Guwahati,Bus Stop Manja,05h 30m,05:00,10:30,INR360,31Seats available,2.918
Kareng Travels,1-Guwahati to Manja (assam),ISBT Guwahati,Bus Stop Manja,06h 15m,11:45,18:00,342,35Seats available,3.19
KAAC TRANSPORT  - 157250,1-Guwahati to Manja (assam),ISBT Guwahati,Bus Stop Manja,05h 30m,11:30,17:00,INR350,38Seats available,3.810
Kareng Travels,1-Guwahati to Manja (assam),ISBT Guwahati,Bus Stop Manja,06h 15m,09:30,15:45,INR400,28Seats available,4.914
Kareng Travels,1-Guwahati to Manja (assam),ISBT Guwahati,Bus Stop Manja,05h 30m,05:00,10:30,INR360,31Seats available,2.918
Kareng Travels,1-Guwahati to Manja (assam),ISBT Guwahati,Bus Stop Manja,06h 15m,11:45,18:00,342,35Seats available,3.19
KAAC TRANSPORT  - 157250,1-Guwahati to Manja (assam),ISBT Guwahati,Bus Stop Manja,05h 30m,11:30,17:00,INR350,38Seats available,3.810
Kareng Travels,1-Guwahati to Manja (assam),ISBT Guwahati,Bus Stop Manja,06h 15m,09:30,15:45,INR400,28Seats available,4.914
Kareng Travels,1-Guwahati to Manja (assam),ISBT Guwahati,Bus Stop Manja,05h 30m,05:00,10:30,INR360,31Seats available,2.918
Kareng Travels,1-Guwahati to Manja (assam),ISBT Guwahati,Bus Stop Manja,06h 15m,11:45,18:00,342,35Seats available,3.19
KAAC TRANSPORT  - 157250,1-Guwahati to Manja (assam),ISBT Guwahati,Bus Stop Manja,05h 30m,11:30,17:00,INR350,38Seats available,3.810
Kareng Travels,1-Guwahati to Manja (assam),ISBT Guwahati,Bus Stop Manja,06h 15m,09:30,15:45,INR400,28Seats available,4.914
Kareng Travels,1-Guwahati to Manja (assam),ISBT Guwahati,Bus Stop Manja,05h 30m,05:00,10:30,INR360,31Seats available,2.918
Kareng Travels,1-Guwahati to Manja (assam),ISBT Guwahati,Bus Stop Manja,06h 15m,11:45,18:00,342,35Seats available,3.19
KAAC TRANSPORT  - 157250,1-Guwahati to Manja (assam),ISBT Guwahati,Bus Stop Manja,05h 30m,11:30,17:00,INR350,38Seats available,3.810
Kareng Travels,1-Guwahati to Manja (assam),ISBT Guwahati,Bus Stop Manja,06h 15m,09:30,15:45,INR400,28Seats available,4.914
Kareng Travels,1-Guwahati to Manja (assam),ISBT Guwahati,Bus Stop Manja,05h 30m,05:00,10:30,INR360,31Seats available,2.918
Kareng Travels,1-Guwahati to Manja (assam),ISBT Guwahati,Bus Stop Manja,06h 15m,11:45,18:00,342,35Seats available,3.19
KAAC TRANSPORT  - 157250,1-Guwahati to Manja (assam),ISBT Guwahati,Bus Stop Manja,05h 30m,11:30,17:00,INR350,38Seats available,3.810
Kareng Travels,1-Guwahati to Manja (assam),ISBT Guwahati,Bus Stop Manja,06h 15m,09:30,15:45,INR400,28Seats available,4.914
Kareng Travels,1-Guwahati to Manja (assam),ISBT Guwahati,Bus Stop Manja,05h 30m,05:00,10:30,INR360,31Seats available,2.918
Kareng Travels,1-Guwahati to Manja (assam),ISBT Guwahati,Bus Stop Manja,06h 15m,11:45,18:00,342,35Seats available,3.19
KAAC TRANSPORT  - 157250,1-Guwahati to Manja (assam),ISBT Guwahati,Bus Stop Manja,05h 30m,11:30,17:00,INR350,38Seats available,3.810
Kareng Travels,1-Guwahati to Manja (assam),ISBT Guwahati,Bus Stop Manja,06h 15m,09:30,15:45,INR400,28Seats available,4.914
Kareng Travels,1-Guwahati to Manja (assam),ISBT Guwahati,Bus Stop Manja,05h 30m,05:00,10:30,INR360,31Seats available,2.918
Kareng Travels,1-Guwahati to Manja (assam),ISBT Guwahati,Bus Stop Manja,06h 15m,11:45,18:00,342,35Seats available,3.19
KAAC TRANSPORT  - 157250,1-Guwahati to Manja (assam),ISBT Guwahati,Bus Stop Manja,05h 30m,11:30,17:00,INR350,38Seats available,3.810
Kareng Travels,1-Guwahati to Manja (assam),ISBT Guwahati,Bus Stop Manja,06h 15m,09:30,15:45,INR400,28Seats available,4.914
Kareng Travels,1-Guwahati to Manja (assam),ISBT Guwahati,Bus Stop Manja,05h 30m,05:00,10:30,INR360,31Seats available,2.918
Kareng Travels,1-Guwahati to Manja (assam),ISBT Guwahati,Bus Stop Manja,06h 15m,11:45,18:00,342,35Seats available,3.19
KAAC TRANSPORT  - 157250,1-Guwahati to Manja (assam),ISBT Guwahati,Bus Stop Manja,05h 30m,11:30,17:00,INR350,38Seats available,3.810
Kareng Travels,1-Guwahati to Manja (assam),ISBT Guwahati,Bus Stop Manja,06h 15m,09:30,15:45,INR400,28Seats available,4.914
Kareng Travels,1-Guwahati to Manja (assam),ISBT Guwahati,Bus Stop Manja,05h 30m,05:00,10:30,INR360,31Seats available,2.918
Kareng Travels,1-Guwahati to Manja (assam),ISBT Guwahati,Bus Stop Manja,06h 15m,11:45,18:00,342,35Seats available,3.19
KAAC TRANSPORT  - 157250,1-Guwahati to Manja (assam),ISBT Guwahati,Bus Stop Manja,05h 30m,11:30,17:00,INR350,38Seats available,3.810
Kareng Travels,1-Guwahati to Manja (assam),ISBT Guwahati,Bus Stop Manja,06h 15m,09:30,15:45,INR400,28Seats available,4.914
Kareng Travels,1-Guwahati to Manja (assam),ISBT Guwahati,Bus Stop Manja,05h 30m,05:00,10:30,INR360,31Seats available,2.918
Kareng Travels,1-Guwahati to Manja (assam),ISBT Guwahati,Bus Stop Manja,06h 15m,11:45,18:00,342,35Seats available,3.19
KAAC TRANSPORT  - 157250,1-Guwahati to Manja (assam),ISBT Guwahati,Bus Stop Manja,05h 30m,11:30,17:00,INR350,38Seats available,3.810
Kareng Travels,1-Guwahati to Manja (assam),ISBT Guwahati,Bus Stop Manja,06h 15m,09:30,15:45,INR400,28Seats available,4.914
Kareng Travels,1-Guwahati to Manja (assam),ISBT Guwahati,Bus Stop Manja,05h 30m,05:00,10:30,INR360,31Seats available,2.918
Kareng Travels,1-Guwahati to Manja (assam),ISBT Guwahati,Bus Stop Manja,06h 15m,11:45,18:00,342,35Seats available,3.19
KAAC TRANSPORT  - 157250,1-Guwahati to Manja (assam),ISBT Guwahati,Bus Stop Manja,05h 30m,11:30,17:00,INR350,38Seats available,3.810
Kareng Travels,1-Guwahati to Manja (assam),ISBT Guwahati,Bus Stop Manja,06h 15m,09:30,15:45,INR400,28Seats available,4.914
Kareng Travels,1-Guwahati to Manja (assam),ISBT Guwahati,Bus Stop Manja,05h 30m,05:00,10:30,INR360,31Seats available,2.918
Kareng Travels,1-Guwahati to Manja (assam),ISBT Guwahati,Bus Stop Manja,06h 15m,11:45,18:00,342,35Seats available,3.19
KAAC TRANSPORT  - 157250,1-Guwahati to Manja (assam),ISBT Guwahati,Bus Stop Manja,05h 30m,11:30,17:00,INR350,38Seats available,3.810
Kareng Travels,1-Guwahati to Manja (assam),ISBT Guwahati,Bus Stop Manja,06h 15m,09:30,15:45,INR400,28Seats available,4.914
Kareng Travels,1-Guwahati to Manja (assam),ISBT Guwahati,Bus Stop Manja,05h 30m,05:00,10:30,INR360,31Seats available,2.918
Kareng Travels,1-Guwahati to Manja (assam),ISBT Guwahati,Bus Stop Manja,06h 15m,11:45,18:00,342,35Seats available,3.19
KAAC TRANSPORT  - 157250,1-Guwahati to Manja (assam),ISBT Guwahati,Bus Stop Manja,05h 30m,11:30,17:00,INR350,38Seats available,3.810
Kareng Travels,1-Guwahati to Manja (assam),ISBT Guwahati,Bus Stop Manja,06h 15m,09:30,15:45,INR400,28Seats available,4.914
Kareng Travels,1-Guwahati to Manja (assam),ISBT Guwahati,Bus Stop Manja,05h 30m,05:00,10:30,INR360,31Seats available,2.918
Kareng Travels,1-Guwahati to Manja (assam),ISBT Guwahati,Bus Stop Manja,06h 15m,11:45,18:00,342,35Seats available,3.19
KAAC TRANSPORT  - 157250,1-Guwahati to Manja (assam),ISBT Guwahati,Bus Stop Manja,05h 30m,11:30,17:00,INR350,38Seats available,3.810
Kareng Travels,1-Guwahati to Manja (assam),ISBT Guwahati,Bus Stop Manja,06h 15m,09:30,15:45,INR400,28Seats available,4.914
Kareng Travels,1-Guwahati to Manja (assam),ISBT Guwahati,Bus Stop Manja,05h 30m,05:00,10:30,INR360,31Seats available,2.918
Kareng Travels,1-Guwahati to Manja (assam),ISBT Guwahati,Bus Stop Manja,06h 15m,11:45,18:00,342,35Seats available,3.19
name,Route,Source,Dest,Duration,Starting time,Reach Time,Price,Seats,Rating
KAAC TRANSPORT  - 157249,1-Manja (assam) to Guwahati,Bus Stop Manja,ISBT Guwahati,05h 10m,04:20,09:30,INR350,27Seats available,4.88
Kareng Travels,1-Manja (assam) to Guwahati,Bus Stop Manja,Khanapara,05h 45m,10:15,16:00,INR400,25Seats available,4.815
Kareng Travels,1-Manja (assam) to Guwahati,Bus Stop Manja,Khanapara,05h 00m,11:45,16:45,INR360,31Seats available,3.722
Kareng Travels,1-Manja (assam) to Guwahati,Bus Stop Manja,Khanapara,04h 45m,04:45,09:30,342,6Seats available,3.413
KAAC TRANSPORT  - 157249,1-Manja (assam) to Guwahati,Bus Stop Manja,ISBT Guwahati,05h 10m,04:20,09:30,INR350,27Seats available,4.88
Kareng Travels,1-Manja (assam) to Guwahati,Bus Stop Manja,Khanapara,05h 45m,10:15,16:00,INR400,25Seats available,4.815
Kareng Travels,1-Manja (assam) to Guwahati,Bus Stop Manja,Khanapara,05h 00m,11:45,16:45,INR360,31Seats available,3.722
Kareng Travels,1-Manja (assam) to Guwahati,Bus Stop Manja,Khanapara,04h 45m,04:45,09:30,342,6Seats available,3.413
KAAC TRANSPORT  - 157249,1-Manja (assam) to Guwahati,Bus Stop Manja,ISBT Guwahati,05h 10m,04:20,09:30,INR350,27Seats available,4.88
Kareng Travels,1-Manja (assam) to Guwahati,Bus Stop Manja,Khanapara,05h 45m,10:15,16:00,INR400,25Seats available,4.815
Kareng Travels,1-Manja (assam) to Guwahati,Bus Stop Manja,Khanapara,05h 00m,11:45,16:45,INR360,31Seats available,3.722
Kareng Travels,1-Manja (assam) to Guwahati,Bus Stop Manja,Khanapara,04h 45m,04:45,09:30,342,6Seats available,3.413
KAAC TRANSPORT  - 157249,1-Manja (assam) to Guwahati,Bus Stop Manja,ISBT Guwahati,05h 10m,04:20,09:30,INR350,27Seats available,4.88
Kareng Travels,1-Manja (assam) to Guwahati,Bus Stop Manja,Khanapara,05h 45m,10:15,16:00,INR400,25Seats available,4.815
Kareng Travels,1-Manja (assam) to Guwahati,Bus Stop Manja,Khanapara,05h 00m,11:45,16:45,INR360,31Seats available,3.722
Kareng Travels,1-Manja (assam) to Guwahati,Bus Stop Manja,Khanapara,04h 45m,04:45,09:30,342,6Seats available,3.413
KAAC TRANSPORT  - 157249,1-Manja (assam) to Guwahati,Bus Stop Manja,ISBT Guwahati,05h 10m,04:20,09:30,INR350,27Seats available,4.88
Kareng Travels,1-Manja (assam) to Guwahati,Bus Stop Manja,Khanapara,05h 45m,10:15,16:00,INR400,25Seats available,4.815
Kareng Travels,1-Manja (assam) to Guwahati,Bus Stop Manja,Khanapara,05h 00m,11:45,16:45,INR360,31Seats available,3.722
Kareng Travels,1-Manja (assam) to Guwahati,Bus Stop Manja,Khanapara,04h 45m,04:45,09:30,342,6Seats available,3.413
KAAC TRANSPORT  - 157249,1-Manja (assam) to Guwahati,Bus Stop Manja,ISBT Guwahati,05h 10m,04:20,09:30,INR350,27Seats available,4.88
Kareng Travels,1-Manja (assam) to Guwahati,Bus Stop Manja,Khanapara,05h 45m,10:15,16:00,INR400,25Seats available,4.815
Kareng Travels,1-Manja (assam) to Guwahati,Bus Stop Manja,Khanapara,05h 00m,11:45,16:45,INR360,31Seats available,3.722
Kareng Travels,1-Manja (assam) to Guwahati,Bus Stop Manja,Khanapara,04h 45m,04:45,09:30,342,6Seats available,3.413
KAAC TRANSPORT  - 157249,1-Manja (assam) to Guwahati,Bus Stop Manja,ISBT Guwahati,05h 10m,04:20,09:30,INR350,27Seats available,4.88
Kareng Travels,1-Manja (assam) to Guwahati,Bus Stop Manja,Khanapara,05h 45m,10:15,16:00,INR400,25Seats available,4.815
Kareng Travels,1-Manja (assam) to Guwahati,Bus Stop Manja,Khanapara,05h 00m,11:45,16:45,INR360,31Seats available,3.722
Kareng Travels,1-Manja (assam) to Guwahati,Bus Stop Manja,Khanapara,04h 45m,04:45,09:30,342,6Seats available,3.413
KAAC TRANSPORT  - 157249,1-Manja (assam) to Guwahati,Bus Stop Manja,ISBT Guwahati,05h 10m,04:20,09:30,INR350,27Seats available,4.88
Kareng Travels,1-Manja (assam) to Guwahati,Bus Stop Manja,Khanapara,05h 45m,10:15,16:00,INR400,25Seats available,4.815
Kareng Travels,1-Manja (assam) to Guwahati,Bus Stop Manja,Khanapara,05h 00m,11:45,16:45,INR360,31Seats available,3.722
Kareng Travels,1-Manja (assam) to Guwahati,Bus Stop Manja,Khanapara,04h 45m,04:45,09:30,342,6Seats available,3.413
KAAC TRANSPORT  - 157249,1-Manja (assam) to Guwahati,Bus Stop Manja,ISBT Guwahati,05h 10m,04:20,09:30,INR350,27Seats available,4.88
Kareng Travels,1-Manja (assam) to Guwahati,Bus Stop Manja,Khanapara,05h 45m,10:15,16:00,INR400,25Seats available,4.815
Kareng Travels,1-Manja (assam) to Guwahati,Bus Stop Manja,Khanapara,05h 00m,11:45,16:45,INR360,31Seats available,3.722
Kareng Travels,1-Manja (assam) to Guwahati,Bus Stop Manja,Khanapara,04h 45m,04:45,09:30,342,6Seats available,3.413
KAAC TRANSPORT  - 157249,1-Manja (assam) to Guwahati,Bus Stop Manja,ISBT Guwahati,05h 10m,04:20,09:30,INR350,27Seats available,4.88
Kareng Travels,1-Manja (assam) to Guwahati,Bus Stop Manja,Khanapara,05h 45m,10:15,16:00,INR400,25Seats available,4.815
Kareng Travels,1-Manja (assam) to Guwahati,Bus Stop Manja,Khanapara,05h 00m,11:45,16:45,INR360,31Seats available,3.722
Kareng Travels,1-Manja (assam) to Guwahati,Bus Stop Manja,Khanapara,04h 45m,04:45,09:30,342,6Seats available,3.413
KAAC TRANSPORT  - 157249,1-Manja (assam) to Guwahati,Bus Stop Manja,ISBT Guwahati,05h 10m,04:20,09:30,INR350,27Seats available,4.88
Kareng Travels,1-Manja (assam) to Guwahati,Bus Stop Manja,Khanapara,05h 45m,10:15,16:00,INR400,25Seats available,4.815
Kareng Travels,1-Manja (assam) to Guwahati,Bus Stop Manja,Khanapara,05h 00m,11:45,16:45,INR360,31Seats available,3.722
Kareng Travels,1-Manja (assam) to Guwahati,Bus Stop Manja,Khanapara,04h 45m,04:45,09:30,342,6Seats available,3.413
KAAC TRANSPORT  - 157249,1-Manja (assam) to Guwahati,Bus Stop Manja,ISBT Guwahati,05h 10m,04:20,09:30,INR350,27Seats available,4.88
Kareng Travels,1-Manja (assam) to Guwahati,Bus Stop Manja,Khanapara,05h 45m,10:15,16:00,INR400,25Seats available,4.815
Kareng Travels,1-Manja (assam) to Guwahati,Bus Stop Manja,Khanapara,05h 00m,11:45,16:45,INR360,31Seats available,3.722
Kareng Travels,1-Manja (assam) to Guwahati,Bus Stop Manja,Khanapara,04h 45m,04:45,09:30,342,6Seats available,3.413
KAAC TRANSPORT  - 157249,1-Manja (assam) to Guwahati,Bus Stop Manja,ISBT Guwahati,05h 10m,04:20,09:30,INR350,27Seats available,4.88
Kareng Travels,1-Manja (assam) to Guwahati,Bus Stop Manja,Khanapara,05h 45m,10:15,16:00,INR400,25Seats available,4.815
Kareng Travels,1-Manja (assam) to Guwahati,Bus Stop Manja,Khanapara,05h 00m,11:45,16:45,INR360,31Seats available,3.722
Kareng Travels,1-Manja (assam) to Guwahati,Bus Stop Manja,Khanapara,04h 45m,04:45,09:30,342,6Seats available,3.413
KAAC TRANSPORT  - 157249,1-Manja (assam) to Guwahati,Bus Stop Manja,ISBT Guwahati,05h 10m,04:20,09:30,INR350,27Seats available,4.88
Kareng Travels,1-Manja (assam) to Guwahati,Bus Stop Manja,Khanapara,05h 45m,10:15,16:00,INR400,25Seats available,4.815
Kareng Travels,1-Manja (assam) to Guwahati,Bus Stop Manja,Khanapara,05h 00m,11:45,16:45,INR360,31Seats available,3.722
Kareng Travels,1-Manja (assam) to Guwahati,Bus Stop Manja,Khanapara,04h 45m,04:45,09:30,342,6Seats available,3.413
KAAC TRANSPORT  - 157249,1-Manja (assam) to Guwahati,Bus Stop Manja,ISBT Guwahati,05h 10m,04:20,09:30,INR350,27Seats available,4.88
Kareng Travels,1-Manja (assam) to Guwahati,Bus Stop Manja,Khanapara,05h 45m,10:15,16:00,INR400,25Seats available,4.815
Kareng Travels,1-Manja (assam) to Guwahati,Bus Stop Manja,Khanapara,05h 00m,11:45,16:45,INR360,31Seats available,3.722
Kareng Travels,1-Manja (assam) to Guwahati,Bus Stop Manja,Khanapara,04h 45m,04:45,09:30,342,6Seats available,3.413
KAAC TRANSPORT  - 157249,1-Manja (assam) to Guwahati,Bus Stop Manja,ISBT Guwahati,05h 10m,04:20,09:30,INR350,27Seats available,4.88
Kareng Travels,1-Manja (assam) to Guwahati,Bus Stop Manja,Khanapara,05h 45m,10:15,16:00,INR400,25Seats available,4.815
Kareng Travels,1-Manja (assam) to Guwahati,Bus Stop Manja,Khanapara,05h 00m,11:45,16:45,INR360,31Seats available,3.722
Kareng Travels,1-Manja (assam) to Guwahati,Bus Stop Manja,Khanapara,04h 45m,04:45,09:30,342,6Seats available,3.413
name,Route,Source,Dest,Duration,Starting time,Reach Time,Price,Seats,Rating
KAAC TRANSPORT  - 175491,1-Hamren to Diphu,Hamren Bus Stand,Diphu Bus Stand,04h 50m,05:30,10:20,INR246,41Seats available,2.6
KAAC TRANSPORT  - 157443,1-Hamren to Diphu,Hamren Bus Stand,Diphu Bus Stand,06h 15m,11:45,18:00,INR300,41Seats available,2.69
KAAC TRANSPORT  - 175491,1-Hamren to Diphu,Hamren Bus Stand,Diphu Bus Stand,04h 50m,05:30,10:20,INR246,41Seats available,2.6
KAAC TRANSPORT  - 157443,1-Hamren to Diphu,Hamren Bus Stand,Diphu Bus Stand,06h 15m,11:45,18:00,INR300,41Seats available,2.69
KAAC TRANSPORT  - 175491,1-Hamren to Diphu,Hamren Bus Stand,Diphu Bus Stand,04h 50m,05:30,10:20,INR246,41Seats available,2.6
KAAC TRANSPORT  - 157443,1-Hamren to Diphu,Hamren Bus Stand,Diphu Bus Stand,06h 15m,11:45,18:00,INR300,41Seats available,2.69
KAAC TRANSPORT  - 175491,1-Hamren to Diphu,Hamren Bus Stand,Diphu Bus Stand,04h 50m,05:30,10:20,INR246,41Seats available,2.6
KAAC TRANSPORT  - 157443,1-Hamren to Diphu,Hamren Bus Stand,Diphu Bus Stand,06h 15m,11:45,18:00,INR300,41Seats available,2.69
KAAC TRANSPORT  - 175491,1-Hamren to Diphu,Hamren Bus Stand,Diphu Bus Stand,04h 50m,05:30,10:20,INR246,41Seats available,2.6
KAAC TRANSPORT  - 157443,1-Hamren to Diphu,Hamren Bus Stand,Diphu Bus Stand,06h 15m,11:45,18:00,INR300,41Seats available,2.69
KAAC TRANSPORT  - 175491,1-Hamren to Diphu,Hamren Bus Stand,Diphu Bus Stand,04h 50m,05:30,10:20,INR246,41Seats available,2.6
KAAC TRANSPORT  - 157443,1-Hamren to Diphu,Hamren Bus Stand,Diphu Bus Stand,06h 15m,11:45,18:00,INR300,41Seats available,2.69
KAAC TRANSPORT  - 175491,1-Hamren to Diphu,Hamren Bus Stand,Diphu Bus Stand,04h 50m,05:30,10:20,INR246,41Seats available,2.6
KAAC TRANSPORT  - 157443,1-Hamren to Diphu,Hamren Bus Stand,Diphu Bus Stand,06h 15m,11:45,18:00,INR300,41Seats available,2.69
KAAC TRANSPORT  - 175491,1-Hamren to Diphu,Hamren Bus Stand,Diphu Bus Stand,04h 50m,05:30,10:20,INR246,41Seats available,2.6
KAAC TRANSPORT  - 157443,1-Hamren to Diphu,Hamren Bus Stand,Diphu Bus Stand,06h 15m,11:45,18:00,INR300,41Seats available,2.69
KAAC TRANSPORT  - 175491,1-Hamren to Diphu,Hamren Bus Stand,Diphu Bus Stand,04h 50m,05:30,10:20,INR246,41Seats available,2.6
KAAC TRANSPORT  - 157443,1-Hamren to Diphu,Hamren Bus Stand,Diphu Bus Stand,06h 15m,11:45,18:00,INR300,41Seats available,2.69
KAAC TRANSPORT  - 175491,1-Hamren to Diphu,Hamren Bus Stand,Diphu Bus Stand,04h 50m,05:30,10:20,INR246,41Seats available,2.6
KAAC TRANSPORT  - 157443,1-Hamren to Diphu,Hamren Bus Stand,Diphu Bus Stand,06h 15m,11:45,18:00,INR300,41Seats available,2.69
KAAC TRANSPORT  - 175491,1-Hamren to Diphu,Hamren Bus Stand,Diphu Bus Stand,04h 50m,05:30,10:20,INR246,41Seats available,2.6
KAAC TRANSPORT  - 157443,1-Hamren to Diphu,Hamren Bus Stand,Diphu Bus Stand,06h 15m,11:45,18:00,INR300,41Seats available,2.69
KAAC TRANSPORT  - 175491,1-Hamren to Diphu,Hamren Bus Stand,Diphu Bus Stand,04h 50m,05:30,10:20,INR246,41Seats available,2.6
KAAC TRANSPORT  - 157443,1-Hamren to Diphu,Hamren Bus Stand,Diphu Bus Stand,06h 15m,11:45,18:00,INR300,41Seats available,2.69
KAAC TRANSPORT  - 175491,1-Hamren to Diphu,Hamren Bus Stand,Diphu Bus Stand,04h 50m,05:30,10:20,INR246,41Seats available,2.6
KAAC TRANSPORT  - 157443,1-Hamren to Diphu,Hamren Bus Stand,Diphu Bus Stand,06h 15m,11:45,18:00,INR300,41Seats available,2.69
KAAC TRANSPORT  - 175491,1-Hamren to Diphu,Hamren Bus Stand,Diphu Bus Stand,04h 50m,05:30,10:20,INR246,41Seats available,2.6
KAAC TRANSPORT  - 157443,1-Hamren to Diphu,Hamren Bus Stand,Diphu Bus Stand,06h 15m,11:45,18:00,INR300,41Seats available,2.69
KAAC TRANSPORT  - 175491,1-Hamren to Diphu,Hamren Bus Stand,Diphu Bus Stand,04h 50m,05:30,10:20,INR246,41Seats available,2.6
KAAC TRANSPORT  - 157443,1-Hamren to Diphu,Hamren Bus Stand,Diphu Bus Stand,06h 15m,11:45,18:00,INR300,41Seats available,2.69
KAAC TRANSPORT  - 175491,1-Hamren to Diphu,Hamren Bus Stand,Diphu Bus Stand,04h 50m,05:30,10:20,INR246,41Seats available,2.6
KAAC TRANSPORT  - 157443,1-Hamren to Diphu,Hamren Bus Stand,Diphu Bus Stand,06h 15m,11:45,18:00,INR300,41Seats available,2.69
